,chart_index,bb_sqeeze_both_direction_12h,rsi_convergence_4h,rsi,rsi_limit,rsi_limit_4h,rsi_limit_12h,rsi_break,rsi_convergence,rsi_convergence5_40,rsi_slope,rsi_break_4h,williams_break,williams_break_4h,williams_limit,williams_limit_4h,macd,macd_slope,macd_slope_4h,macd_max,macd_max_2,macd_max_4h,macd_max_12h,macd_max_1d,macd_zero,macd_crossing,macd_convergence,macd_convergence_4h,macd_signal_diff,ema,ema_10_slope,ema_30_slope,ema_50_slope,ema_alligator,ema_hist,ema_alligator_hist,ema_10_50,ema_20_close,ema_30_close,ema_50_close,ema_100_close,smma_20_close,ema_20_smma_20,ema_20_channel,ema_50_100,pivot_bounce,pivot_breakout,privot_sr_trading,privot_sr_trading_4h,pivot_ema_20_cross,pivot_fib_bounce,privot_fib_sr_trading,adx,adx_4h,adx_slope,adx_max,adx_max_4h,adx_max_21,adx_max_48,adx_max2,adx_break,cci,cci_4h,cci_cross,candle,candle_pattern,candle_4h,candle_type,candle_type_4h,super_trend,squeeze_momentum,psar,psar_change,bb,bb_4h,bb_12h,bb_middle_crossing,bb_middle_crossing_4h,bb_sqeeze,bb_sqeeze_both_direction,bb_sqeeze_both_direction_4h,ichi_kijun_confirm,ichi_kijun_confirm_4h,ichi_kijun_confirm_12h,ichi_kijun_cross_confirm,ichi_cloud_thickness,result
0,0.0,-0.5,-0.5,-1,-1.0,-0.5,-0.5,-0.5,-0.5,-0.5,1,-0.5,-0.5,-0.5,-1.0,-0.5,-1,-0.5,-0.5,-0.5,-0.5,-0.5,-0.5,-0.5,-1.0,-0.5,-0.5,-0.5,-0.5,-1.0,-0.5,-0.5,-0.5,-1.0,-0.5,-0.5,-0.5,-0.5,-0.5,-0.5,-0.5,-0.5,-0.5,-0.5,1,-0.5,-0.5,-0.5,-0.5,-0.5,-0.5,-1.0,1.0,-0.5,-0.5,-0.5,-0.5,-0.5,-0.5,-0.5,-0.5,-1.0,-0.5,-0.5,1,-0.5,-0.5,-0.5,-0.5,-0.5,-0.5,-1.0,-0.5,-1.0,-0.5,-0.5,-0.5,-0.5,-0.5,-0.5,-0.5,-1,-0.5,-0.5,-0.5,-0.5,1
1,0.0,-0.5,-0.5,-1,-1.0,-0.5,-0.5,-0.5,-0.5,-0.5,1,-0.5,-0.5,-0.5,-1.0,-0.5,-1,-0.5,-0.5,-0.5,-0.5,-0.5,-0.5,-0.5,-1.0,-0.5,-0.5,-0.5,-0.5,-1.0,-0.5,-0.5,-0.5,-1.0,-0.5,-0.5,-0.5,-0.5,-0.5,-0.5,-0.5,-0.5,-0.5,-0.5,1,-0.5,-0.5,-0.5,-0.5,-0.5,-0.5,-1.0,1.0,-0.5,-0.5,-0.5,-0.5,-0.5,-0.5,-0.5,-0.5,-1.0,-0.5,-0.5,1,-0.5,-0.5,-0.5,-0.5,-0.5,-0.5,-1.0,-0.5,-1.0,-0.5,-0.5,-0.5,-0.5,-0.5,-0.5,-0.5,-1,-0.5,-0.5,-0.5,-0.5,1
2,1.0,-0.5,-0.5,-1,-1.0,-0.5,-0.5,-0.5,-0.5,-0.5,-1,-0.5,-0.5,-0.5,-1.0,-0.5,-1,-1.0,-0.5,-0.5,-0.5,-0.5,-0.5,-0.5,-1.0,-0.5,-0.5,-0.5,-0.5,-1.0,-0.5,-0.5,-0.5,-1.0,-0.5,-0.5,-1.0,-1.0,-1.0,-1.0,-1.0,-1.0,-1.0,-0.5,1,-1.0,-1.0,-1.0,-0.5,-0.5,-1.0,-1.0,1.0,-0.5,1.0,-0.5,-0.5,-0.5,-0.5,-0.5,1.0,-1.0,-0.5,-0.5,-1,-0.5,-0.5,-1.0,-0.5,-0.5,-1.0,-1.0,-0.5,-1.0,-0.5,-0.5,-0.5,-0.5,-0.5,-0.5,-0.5,-1,-0.5,-0.5,-0.5,-0.5,1
3,1.0,-0.5,-0.5,-1,-1.0,-0.5,-0.5,-0.5,-0.5,-0.5,-1,-0.5,-0.5,-0.5,-1.0,-0.5,-1,-1.0,-0.5,-0.5,-0.5,-0.5,-0.5,-0.5,-1.0,-0.5,-0.5,-0.5,-0.5,-1.0,-0.5,-0.5,-0.5,-1.0,-0.5,-0.5,-1.0,-1.0,-1.0,-1.0,-1.0,-1.0,-1.0,-0.5,1,-1.0,-1.0,-1.0,-0.5,-0.5,-1.0,-1.0,1.0,-0.5,1.0,-0.5,-0.5,-0.5,-0.5,-0.5,1.0,-1.0,-0.5,-0.5,-1,-0.5,-0.5,-1.0,-0.5,-0.5,-1.0,-1.0,-0.5,-1.0,-0.5,-0.5,-0.5,-0.5,-0.5,-0.5,-0.5,-1,-0.5,-0.5,-0.5,-0.5,1
4,2.0,-0.5,-0.5,-1,-1.0,-0.5,-0.5,-0.5,-0.5,-0.5,-1,-0.5,-0.5,-0.5,-1.0,-0.5,-1,-1.0,-0.5,-0.5,-0.5,-0.5,-0.5,-0.5,-1.0,-0.5,-0.5,-0.5,-1.0,-1.0,-0.5,-0.5,-0.5,-1.0,-0.5,-0.5,-1.0,-1.0,-1.0,-1.0,-1.0,-1.0,-1.0,-0.5,1,-0.5,-1.0,-0.5,-0.5,-0.5,-0.5,-0.5,1.0,-0.5,1.0,-0.5,-0.5,-0.5,-0.5,-0.5,1.0,-1.0,-0.5,-0.5,-1,-0.5,-0.5,-0.5,-0.5,-0.5,-1.0,-1.0,-0.5,-1.0,-0.5,-0.5,-0.5,-0.5,-0.5,-0.5,-0.5,-1,-0.5,-0.5,-0.5,-0.5,1
5,2.0,-0.5,-0.5,-1,-1.0,-0.5,-0.5,-0.5,-0.5,-0.5,-1,-0.5,-0.5,-0.5,-1.0,-0.5,-1,-1.0,-0.5,-0.5,-0.5,-0.5,-0.5,-0.5,-1.0,-0.5,-0.5,-0.5,-1.0,-1.0,-0.5,-0.5,-0.5,-1.0,-0.5,-0.5,-1.0,-1.0,-1.0,-1.0,-1.0,-1.0,-1.0,-0.5,1,-0.5,-1.0,-0.5,-0.5,-0.5,-0.5,-0.5,1.0,-0.5,1.0,-0.5,-0.5,-0.5,-0.5,-0.5,1.0,-1.0,-0.5,-0.5,-1,-0.5,-0.5,-0.5,-0.5,-0.5,-1.0,-1.0,-0.5,-1.0,-0.5,-0.5,-0.5,-0.5,-0.5,-0.5,-0.5,-1,-0.5,-0.5,-0.5,-0.5,1
6,3.0,-0.5,-0.5,-1,-0.5,-0.5,-0.5,-0.5,-0.5,-0.5,-1,-0.5,-0.5,-0.5,-1.0,-0.5,-1,-1.0,-0.5,-0.5,-0.5,-0.5,-0.5,-0.5,-1.0,-0.5,-0.5,-0.5,-0.5,-1.0,-1.0,-1.0,-1.0,-1.0,-1.0,-1.0,-1.0,-1.0,-1.0,-1.0,-1.0,-1.0,-1.0,-0.5,1,-0.5,-0.5,-1.0,-0.5,-0.5,-0.5,-1.0,1.0,-0.5,1.0,-0.5,-0.5,-0.5,-0.5,-0.5,1.0,-1.0,-0.5,-0.5,-1,-0.5,-0.5,-0.5,-0.5,-0.5,-1.0,-1.0,-0.5,-1.0,-0.5,-0.5,-0.5,-0.5,-0.5,-0.5,-0.5,-1,-0.5,-0.5,-0.5,-0.5,1
7,3.0,-0.5,-0.5,-1,-0.5,-0.5,-0.5,-0.5,-0.5,-0.5,-1,-0.5,-0.5,-0.5,-1.0,-0.5,-1,-1.0,-0.5,-0.5,-0.5,-0.5,-0.5,-0.5,-1.0,-0.5,-0.5,-0.5,-0.5,-1.0,-1.0,-1.0,-1.0,-1.0,-1.0,-1.0,-1.0,-1.0,-1.0,-1.0,-1.0,-1.0,-1.0,-0.5,1,-0.5,-0.5,-1.0,-0.5,-0.5,-0.5,-1.0,1.0,-0.5,1.0,-0.5,-0.5,-0.5,-0.5,-0.5,1.0,-1.0,-0.5,-0.5,-1,-0.5,-0.5,-0.5,-0.5,-0.5,-1.0,-1.0,-0.5,-1.0,-0.5,-0.5,-0.5,-0.5,-0.5,-0.5,-0.5,-1,-0.5,-0.5,-0.5,-0.5,1
8,4.0,-0.5,-0.5,-1,-1.0,-0.5,-0.5,-0.5,-0.5,-0.5,-1,-0.5,-0.5,-0.5,-1.0,-0.5,-1,-1.0,-0.5,-0.5,-0.5,-0.5,-0.5,-0.5,-1.0,-0.5,-0.5,-0.5,-0.5,-1.0,-1.0,-1.0,-1.0,-1.0,-1.0,-1.0,-1.0,-1.0,-1.0,-1.0,-1.0,-1.0,-1.0,-0.5,1,1.0,1.0,-0.5,-0.5,-0.5,1.0,-0.5,1.0,-0.5,-0.5,1.0,-0.5,-0.5,-0.5,-0.5,-0.5,-0.5,-0.5,-0.5,1,1.0,-0.5,1.0,-0.5,-0.5,-1.0,-0.5,1.0,-1.0,-0.5,-0.5,-0.5,-0.5,-0.5,-0.5,-0.5,-1,-0.5,-0.5,-0.5,-1.0,0
9,4.0,-0.5,-0.5,-1,-1.0,-0.5,-0.5,-0.5,-0.5,-0.5,-1,-0.5,-0.5,-0.5,-1.0,-0.5,-1,-1.0,-0.5,-0.5,-0.5,-0.5,-0.5,-0.5,-1.0,-0.5,-0.5,-0.5,-0.5,-1.0,-1.0,-1.0,-1.0,-1.0,-1.0,-1.0,-1.0,-1.0,-1.0,-1.0,-1.0,-1.0,-1.0,-0.5,1,1.0,1.0,-0.5,-0.5,-0.5,1.0,-0.5,1.0,-0.5,-0.5,1.0,-0.5,-0.5,-0.5,-0.5,-0.5,-0.5,-0.5,-0.5,1,1.0,-0.5,1.0,-0.5,-0.5,-1.0,-0.5,1.0,-1.0,-0.5,-0.5,-0.5,-0.5,-0.5,-0.5,-0.5,-1,-0.5,-0.5,-0.5,-1.0,0
10,5.0,-0.5,-0.5,-1,-1.0,-0.5,-0.5,-0.5,-0.5,-0.5,-1,-0.5,-0.5,-0.5,-0.5,-0.5,-1,-1.0,-0.5,-0.5,-0.5,-0.5,-0.5,-0.5,-1.0,-0.5,-0.5,-0.5,-0.5,-1.0,-1.0,-1.0,-1.0,-1.0,-1.0,-1.0,-1.0,-1.0,-1.0,-1.0,-1.0,-1.0,-1.0,-1.0,1,-1.0,-0.5,-0.5,-0.5,-1.0,-1.0,-0.5,1.0,-0.5,-0.5,1.0,-0.5,-0.5,-0.5,-0.5,-0.5,-1.0,-0.5,-0.5,-1,-1.0,-0.5,-0.5,-0.5,-0.5,-1.0,-0.5,1.0,-1.0,-0.5,-0.5,-0.5,-0.5,-0.5,-0.5,-0.5,-1,-0.5,-0.5,-0.5,-1.0,0
11,5.0,-0.5,-0.5,-1,-1.0,-0.5,-0.5,-0.5,-0.5,-0.5,-1,-0.5,-0.5,-0.5,-0.5,-0.5,-1,-1.0,-0.5,-0.5,-0.5,-0.5,-0.5,-0.5,-1.0,-0.5,-0.5,-0.5,-0.5,-1.0,-1.0,-1.0,-1.0,-1.0,-1.0,-1.0,-1.0,-1.0,-1.0,-1.0,-1.0,-1.0,-1.0,-1.0,1,-1.0,-0.5,-0.5,-0.5,-1.0,-1.0,-0.5,1.0,-0.5,-0.5,1.0,-0.5,-0.5,-0.5,-0.5,-0.5,-1.0,-0.5,-0.5,-1,-1.0,-0.5,-0.5,-0.5,-0.5,-1.0,-0.5,1.0,-1.0,-0.5,-0.5,-0.5,-0.5,-0.5,-0.5,-0.5,-1,-0.5,-0.5,-0.5,-1.0,0
12,6.0,-0.5,-0.5,-1,-1.0,-0.5,-0.5,-0.5,-0.5,-0.5,-1,-0.5,-0.5,-0.5,-0.5,-0.5,-1,-1.0,-0.5,-0.5,-0.5,-0.5,-0.5,-0.5,-1.0,-0.5,-0.5,-0.5,-0.5,-1.0,-1.0,-1.0,-1.0,-1.0,-1.0,-1.0,-1.0,-1.0,-1.0,-1.0,-1.0,-1.0,-1.0,-0.5,1,-0.5,-0.5,1.0,-0.5,1.0,-0.5,1.0,1.0,-0.5,-0.5,1.0,-0.5,1.0,-0.5,1.0,-0.5,-1.0,-0.5,-0.5,1,-0.5,-0.5,-0.5,-0.5,-0.5,-0.5,-0.5,-0.5,-1.0,-0.5,-0.5,-0.5,-0.5,-0.5,-0.5,-0.5,-1,-0.5,-0.5,-0.5,-1.0,0
13,6.0,-0.5,-0.5,-1,-1.0,-0.5,-0.5,-0.5,-0.5,-0.5,-1,-0.5,-0.5,-0.5,-0.5,-0.5,-1,-1.0,-0.5,-0.5,-0.5,-0.5,-0.5,-0.5,-1.0,-0.5,-0.5,-0.5,-0.5,-1.0,-1.0,-1.0,-1.0,-1.0,-1.0,-1.0,-1.0,-1.0,-1.0,-1.0,-1.0,-1.0,-1.0,-0.5,1,-0.5,-0.5,1.0,-0.5,1.0,-0.5,1.0,1.0,-0.5,-0.5,1.0,-0.5,1.0,-0.5,1.0,-0.5,-1.0,-0.5,-0.5,1,-0.5,-0.5,-0.5,-0.5,-0.5,-0.5,-0.5,-0.5,-1.0,-0.5,-0.5,-0.5,-0.5,-0.5,-0.5,-0.5,-1,-0.5,-0.5,-0.5,-1.0,0
14,7.0,-0.5,-0.5,-1,-1.0,-0.5,-0.5,-0.5,-0.5,-0.5,-1,-0.5,-0.5,-0.5,-1.0,-0.5,-1,1.0,-0.5,-0.5,-0.5,-0.5,-0.5,-0.5,-1.0,-0.5,-0.5,-0.5,-0.5,-1.0,-1.0,-1.0,-1.0,-1.0,-1.0,-1.0,-1.0,-1.0,-1.0,-1.0,-1.0,-1.0,-1.0,-0.5,1,1.0,-0.5,-0.5,-0.5,-0.5,1.0,-1.0,1.0,-0.5,-0.5,1.0,-0.5,1.0,1.0,1.0,-0.5,-0.5,-0.5,-0.5,1,-0.5,-0.5,-0.5,-0.5,-0.5,-0.5,-0.5,-0.5,-1.0,-0.5,-0.5,-0.5,-0.5,-0.5,-0.5,-0.5,-1,-0.5,-0.5,-0.5,-0.5,0
15,7.0,-0.5,-0.5,-1,-1.0,-0.5,-0.5,-0.5,-0.5,-0.5,-1,-0.5,-0.5,-0.5,-1.0,-0.5,-1,1.0,-0.5,-0.5,-0.5,-0.5,-0.5,-0.5,-1.0,-0.5,-0.5,-0.5,-0.5,-1.0,-1.0,-1.0,-1.0,-1.0,-1.0,-1.0,-1.0,-1.0,-1.0,-1.0,-1.0,-1.0,-1.0,-0.5,1,1.0,-0.5,-0.5,-0.5,-0.5,1.0,-1.0,1.0,-0.5,-0.5,1.0,-0.5,1.0,1.0,1.0,-0.5,-0.5,-0.5,-0.5,1,-0.5,-0.5,-0.5,-0.5,-0.5,-0.5,-0.5,-0.5,-1.0,-0.5,-0.5,-0.5,-0.5,-0.5,-0.5,-0.5,-1,-0.5,-0.5,-0.5,-0.5,0
16,8.0,-0.5,-0.5,-1,-1.0,-0.5,-0.5,-0.5,-0.5,-0.5,-1,-0.5,-0.5,-0.5,-1.0,-0.5,-1,1.0,-0.5,-0.5,-0.5,-0.5,-0.5,-0.5,-1.0,-0.5,-0.5,-0.5,-0.5,-1.0,-1.0,-1.0,-1.0,-1.0,-1.0,-1.0,-0.5,-1.0,-1.0,-1.0,-1.0,-1.0,-1.0,-0.5,1,-0.5,-0.5,1.0,-0.5,-0.5,-0.5,1.0,1.0,-0.5,-0.5,1.0,-0.5,1.0,1.0,1.0,-0.5,-0.5,-0.5,-0.5,1,-0.5,-0.5,-0.5,-0.5,-0.5,-0.5,-0.5,-0.5,-1.0,-0.5,-0.5,-0.5,-0.5,-0.5,-0.5,-0.5,-1,-0.5,-0.5,-0.5,-1.0,0
17,8.0,-0.5,-0.5,-1,-1.0,-0.5,-0.5,-0.5,-0.5,-0.5,-1,-0.5,-0.5,-0.5,-1.0,-0.5,-1,1.0,-0.5,-0.5,-0.5,-0.5,-0.5,-0.5,-1.0,-0.5,-0.5,-0.5,-0.5,-1.0,-1.0,-1.0,-1.0,-1.0,-1.0,-1.0,-0.5,-1.0,-1.0,-1.0,-1.0,-1.0,-1.0,-0.5,1,-0.5,-0.5,1.0,-0.5,-0.5,-0.5,1.0,1.0,-0.5,-0.5,1.0,-0.5,1.0,1.0,1.0,-0.5,-0.5,-0.5,-0.5,1,-0.5,-0.5,-0.5,-0.5,-0.5,-0.5,-0.5,-0.5,-1.0,-0.5,-0.5,-0.5,-0.5,-0.5,-0.5,-0.5,-1,-0.5,-0.5,-0.5,-1.0,0
18,9.0,-0.5,-0.5,-1,-1.0,-0.5,-0.5,-0.5,-0.5,-0.5,-1,-0.5,-0.5,-0.5,-1.0,-0.5,-1,1.0,-0.5,-0.5,-0.5,-0.5,-0.5,-0.5,-1.0,-0.5,-0.5,-0.5,-0.5,-1.0,-1.0,-1.0,-1.0,-1.0,-1.0,-1.0,-0.5,-1.0,-1.0,-1.0,-1.0,-1.0,-1.0,-0.5,1,-0.5,-0.5,-0.5,-0.5,-0.5,-0.5,-0.5,1.0,-0.5,-0.5,1.0,-0.5,1.0,1.0,1.0,-0.5,-0.5,-0.5,-0.5,1,-0.5,-0.5,-0.5,-0.5,-0.5,-0.5,-0.5,-0.5,-1.0,-0.5,-0.5,-0.5,-0.5,-0.5,-0.5,-0.5,-1,-0.5,-0.5,-0.5,-1.0,0
19,9.0,-0.5,-0.5,-1,-1.0,-0.5,-0.5,-0.5,-0.5,-0.5,-1,-0.5,-0.5,-0.5,-1.0,-0.5,-1,1.0,-0.5,-0.5,-0.5,-0.5,-0.5,-0.5,-1.0,-0.5,-0.5,-0.5,-0.5,-1.0,-1.0,-1.0,-1.0,-1.0,-1.0,-1.0,-0.5,-1.0,-1.0,-1.0,-1.0,-1.0,-1.0,-0.5,1,-0.5,-0.5,-0.5,-0.5,-0.5,-0.5,-0.5,1.0,-0.5,-0.5,1.0,-0.5,1.0,1.0,1.0,-0.5,-0.5,-0.5,-0.5,1,-0.5,-0.5,-0.5,-0.5,-0.5,-0.5,-0.5,-0.5,-1.0,-0.5,-0.5,-0.5,-0.5,-0.5,-0.5,-0.5,-1,-0.5,-0.5,-0.5,-1.0,0
20,10.0,-0.5,-0.5,-1,-1.0,-0.5,-0.5,-0.5,-0.5,-0.5,-1,-0.5,-0.5,-0.5,-0.5,-0.5,-1,-1.0,-0.5,-0.5,-0.5,-0.5,-0.5,-0.5,-1.0,-0.5,-0.5,-0.5,-1.0,-1.0,-1.0,-1.0,-1.0,-1.0,-1.0,-1.0,-1.0,-1.0,-1.0,-1.0,-1.0,-1.0,-1.0,-0.5,-1,-1.0,-1.0,-1.0,-0.5,-0.5,-1.0,-1.0,1.0,-0.5,-0.5,1.0,-0.5,1.0,1.0,1.0,-0.5,-0.5,-0.5,-0.5,-1,-1.0,-0.5,-0.5,-0.5,-0.5,-1.0,-1.0,-1.0,-1.0,-0.5,-0.5,-0.5,-0.5,-0.5,-0.5,-0.5,-1,-0.5,-0.5,-0.5,-1.0,1
21,10.0,-0.5,-0.5,-1,-1.0,-0.5,-0.5,-0.5,-0.5,-0.5,-1,-0.5,-0.5,-0.5,-0.5,-0.5,-1,-1.0,-0.5,-0.5,-0.5,-0.5,-0.5,-0.5,-1.0,-0.5,-0.5,-0.5,-1.0,-1.0,-1.0,-1.0,-1.0,-1.0,-1.0,-1.0,-1.0,-1.0,-1.0,-1.0,-1.0,-1.0,-1.0,-0.5,-1,-1.0,-1.0,-1.0,-0.5,-0.5,-1.0,-1.0,1.0,-0.5,-0.5,1.0,-0.5,1.0,1.0,1.0,-0.5,-0.5,-0.5,-0.5,-1,-1.0,-0.5,-0.5,-0.5,-0.5,-1.0,-1.0,-1.0,-1.0,-0.5,-0.5,-0.5,-0.5,-0.5,-0.5,-0.5,-1,-0.5,-0.5,-0.5,-1.0,1
22,11.0,-0.5,-0.5,-1,-1.0,-0.5,-0.5,-0.5,-0.5,-0.5,-1,-0.5,-0.5,-0.5,-1.0,-0.5,-1,1.0,-0.5,-0.5,-0.5,-0.5,-0.5,-0.5,-1.0,-0.5,-0.5,-0.5,-0.5,-1.0,-1.0,-1.0,-1.0,-1.0,-1.0,-1.0,-1.0,-1.0,-1.0,-1.0,-1.0,-1.0,-1.0,-0.5,-1,1.0,-0.5,-0.5,-0.5,-0.5,1.0,-1.0,1.0,-0.5,-0.5,1.0,-0.5,1.0,1.0,1.0,-0.5,-0.5,-0.5,-0.5,1,-0.5,-0.5,1.0,-0.5,-0.5,-0.5,-1.0,-1.0,-1.0,-0.5,-0.5,-0.5,-0.5,-0.5,-0.5,-0.5,-1,-0.5,-0.5,-0.5,-1.0,1
23,11.0,-0.5,-0.5,-1,-1.0,-0.5,-0.5,-0.5,-0.5,-0.5,-1,-0.5,-0.5,-0.5,-1.0,-0.5,-1,1.0,-0.5,-0.5,-0.5,-0.5,-0.5,-0.5,-1.0,-0.5,-0.5,-0.5,-0.5,-1.0,-1.0,-1.0,-1.0,-1.0,-1.0,-1.0,-1.0,-1.0,-1.0,-1.0,-1.0,-1.0,-1.0,-0.5,-1,1.0,-0.5,-0.5,-0.5,-0.5,1.0,-1.0,1.0,-0.5,-0.5,1.0,-0.5,1.0,1.0,1.0,-0.5,-0.5,-0.5,-0.5,1,-0.5,-0.5,1.0,-0.5,-0.5,-0.5,-1.0,-1.0,-1.0,-0.5,-0.5,-0.5,-0.5,-0.5,-0.5,-0.5,-1,-0.5,-0.5,-0.5,-1.0,1
24,12.0,-0.5,-0.5,-1,-1.0,-0.5,-0.5,-0.5,-0.5,-0.5,-1,-0.5,-0.5,-0.5,-1.0,-0.5,1,1.0,-0.5,1.0,-0.5,-0.5,-0.5,-0.5,-0.5,1.0,-0.5,-0.5,-0.5,-1.0,-0.5,-1.0,-1.0,-1.0,-1.0,-1.0,-0.5,-1.0,-1.0,-1.0,-1.0,-1.0,-1.0,-0.5,-1,-0.5,1.0,1.0,-0.5,-0.5,-0.5,1.0,1.0,-0.5,-0.5,1.0,-0.5,1.0,1.0,1.0,-0.5,-0.5,-0.5,-0.5,1,-0.5,-0.5,-0.5,-0.5,-0.5,-0.5,-1.0,-0.5,-1.0,-0.5,-0.5,-0.5,-0.5,-0.5,-0.5,-0.5,-1,-0.5,-0.5,-0.5,-0.5,1
25,12.0,-0.5,-0.5,-1,-1.0,-0.5,-0.5,-0.5,-0.5,-0.5,-1,-0.5,-0.5,-0.5,-1.0,-0.5,1,1.0,-0.5,1.0,-0.5,-0.5,-0.5,-0.5,-0.5,1.0,-0.5,-0.5,-0.5,-1.0,-0.5,-1.0,-1.0,-1.0,-1.0,-1.0,-0.5,-1.0,-1.0,-1.0,-1.0,-1.0,-1.0,-0.5,-1,-0.5,1.0,1.0,-0.5,-0.5,-0.5,1.0,1.0,-0.5,-0.5,1.0,-0.5,1.0,1.0,1.0,-0.5,-0.5,-0.5,-0.5,1,-0.5,-0.5,-0.5,-0.5,-0.5,-0.5,-1.0,-0.5,-1.0,-0.5,-0.5,-0.5,-0.5,-0.5,-0.5,-0.5,-1,-0.5,-0.5,-0.5,-0.5,1
26,13.0,-0.5,-0.5,-1,-1.0,-0.5,-0.5,-0.5,-0.5,-0.5,-1,-0.5,-0.5,-0.5,-1.0,-0.5,1,1.0,-0.5,1.0,1.0,-0.5,-0.5,-0.5,-0.5,1.0,-0.5,-0.5,1.0,-1.0,-0.5,-1.0,-1.0,-0.5,-1.0,-1.0,-0.5,-0.5,-1.0,-1.0,-1.0,-1.0,-1.0,-0.5,-1,-0.5,1.0,-0.5,-0.5,-0.5,-0.5,-0.5,-0.5,-0.5,-0.5,1.0,-0.5,1.0,1.0,1.0,-0.5,-0.5,-0.5,1.0,1,-0.5,-0.5,-0.5,-0.5,-0.5,-0.5,-0.5,-0.5,1.0,-0.5,-0.5,1.0,-0.5,-0.5,-0.5,-0.5,-1,-0.5,-0.5,-0.5,1.0,1
27,13.0,-0.5,-0.5,-1,-1.0,-0.5,-0.5,-0.5,-0.5,-0.5,-1,-0.5,-0.5,-0.5,-1.0,-0.5,1,1.0,-0.5,1.0,1.0,-0.5,-0.5,-0.5,-0.5,1.0,-0.5,-0.5,1.0,-1.0,-0.5,-1.0,-1.0,-0.5,-1.0,-1.0,-0.5,-0.5,-1.0,-1.0,-1.0,-1.0,-1.0,-0.5,-1,-0.5,1.0,-0.5,-0.5,-0.5,-0.5,-0.5,-0.5,-0.5,-0.5,1.0,-0.5,1.0,1.0,1.0,-0.5,-0.5,-0.5,1.0,1,-0.5,-0.5,-0.5,-0.5,-0.5,-0.5,-0.5,-0.5,1.0,-0.5,-0.5,1.0,-0.5,-0.5,-0.5,-0.5,-1,-0.5,-0.5,-0.5,1.0,1
28,14.0,-0.5,-0.5,-1,-1.0,-0.5,-0.5,-0.5,-0.5,-0.5,-1,-0.5,-0.5,-0.5,-1.0,-0.5,1,1.0,-0.5,1.0,1.0,-0.5,-0.5,-0.5,-0.5,1.0,-0.5,-0.5,1.0,-1.0,1.0,-1.0,-1.0,-0.5,-1.0,-1.0,-0.5,-0.5,-1.0,-1.0,-1.0,-1.0,-1.0,-0.5,-1,-1.0,-0.5,1.0,-0.5,-0.5,-1.0,1.0,-0.5,-0.5,1.0,1.0,-0.5,1.0,1.0,1.0,1.0,-0.5,-0.5,-0.5,-1,-0.5,-0.5,-0.5,-0.5,-0.5,-0.5,-1.0,-0.5,1.0,-0.5,-0.5,1.0,-0.5,1.0,1.0,-0.5,-1,-0.5,-0.5,-0.5,1.0,0
29,14.0,-0.5,-0.5,-1,-1.0,-0.5,-0.5,-0.5,-0.5,-0.5,-1,-0.5,-0.5,-0.5,-1.0,-0.5,1,1.0,-0.5,1.0,1.0,-0.5,-0.5,-0.5,-0.5,1.0,-0.5,-0.5,1.0,-1.0,1.0,-1.0,-1.0,-0.5,-1.0,-1.0,-0.5,-0.5,-1.0,-1.0,-1.0,-1.0,-1.0,-0.5,-1,-1.0,-0.5,1.0,-0.5,-0.5,-1.0,1.0,-0.5,-0.5,1.0,1.0,-0.5,1.0,1.0,1.0,1.0,-0.5,-0.5,-0.5,-1,-0.5,-0.5,-0.5,-0.5,-0.5,-0.5,-1.0,-0.5,1.0,-0.5,-0.5,1.0,-0.5,1.0,1.0,-0.5,-1,-0.5,-0.5,-0.5,1.0,0
30,15.0,-0.5,-0.5,-1,-1.0,-0.5,-0.5,-0.5,-0.5,-0.5,-1,-0.5,-0.5,-0.5,-1.0,-0.5,1,-1.0,-0.5,1.0,1.0,-0.5,-0.5,-0.5,-0.5,-0.5,-0.5,-0.5,-0.5,-1.0,-0.5,-1.0,-1.0,-1.0,-1.0,-1.0,-0.5,-1.0,-1.0,-1.0,-1.0,-1.0,-1.0,-1.0,-1,-0.5,-0.5,-0.5,-0.5,-1.0,-0.5,-0.5,-0.5,-0.5,-0.5,1.0,-0.5,1.0,1.0,1.0,-0.5,-0.5,-0.5,-1.0,-1,-0.5,-0.5,-0.5,-0.5,-0.5,-0.5,-1.0,-0.5,-1.0,-0.5,-0.5,-0.5,-0.5,-0.5,1.0,-0.5,-1,-0.5,-0.5,-0.5,1.0,0
31,15.0,-0.5,-0.5,-1,-1.0,-0.5,-0.5,-0.5,-0.5,-0.5,-1,-0.5,-0.5,-0.5,-1.0,-0.5,1,-1.0,-0.5,1.0,1.0,-0.5,-0.5,-0.5,-0.5,-0.5,-0.5,-0.5,-0.5,-1.0,-0.5,-1.0,-1.0,-1.0,-1.0,-1.0,-0.5,-1.0,-1.0,-1.0,-1.0,-1.0,-1.0,-1.0,-1,-0.5,-0.5,-0.5,-0.5,-1.0,-0.5,-0.5,-0.5,-0.5,-0.5,1.0,-0.5,1.0,1.0,1.0,-0.5,-0.5,-0.5,-1.0,-1,-0.5,-0.5,-0.5,-0.5,-0.5,-0.5,-1.0,-0.5,-1.0,-0.5,-0.5,-0.5,-0.5,-0.5,1.0,-0.5,-1,-0.5,-0.5,-0.5,1.0,0
32,16.0,-0.5,-0.5,-1,-1.0,-0.5,-0.5,-0.5,-0.5,-0.5,-1,-0.5,-0.5,-0.5,-1.0,-0.5,1,1.0,-0.5,1.0,1.0,-0.5,-0.5,-0.5,-0.5,-0.5,-0.5,-0.5,-0.5,-1.0,-0.5,-1.0,-1.0,-1.0,-1.0,-1.0,-0.5,-1.0,-1.0,-1.0,-1.0,-1.0,-1.0,-0.5,-1,-0.5,-0.5,-0.5,-0.5,1.0,-0.5,1.0,-0.5,-0.5,-0.5,1.0,-0.5,1.0,1.0,1.0,-0.5,-0.5,-0.5,-0.5,1,-0.5,-0.5,1.0,-0.5,-0.5,-0.5,-1.0,-0.5,-1.0,-0.5,-0.5,-0.5,-0.5,-0.5,1.0,-0.5,-1,-0.5,-0.5,-0.5,-0.5,0
33,16.0,-0.5,-0.5,-1,-1.0,-0.5,-0.5,-0.5,-0.5,-0.5,-1,-0.5,-0.5,-0.5,-1.0,-0.5,1,1.0,-0.5,1.0,1.0,-0.5,-0.5,-0.5,-0.5,-0.5,-0.5,-0.5,-0.5,-1.0,-0.5,-1.0,-1.0,-1.0,-1.0,-1.0,-0.5,-1.0,-1.0,-1.0,-1.0,-1.0,-1.0,-0.5,-1,-0.5,-0.5,-0.5,-0.5,1.0,-0.5,1.0,-0.5,-0.5,-0.5,1.0,-0.5,1.0,1.0,1.0,-0.5,-0.5,-0.5,-0.5,1,-0.5,-0.5,1.0,-0.5,-0.5,-0.5,-1.0,-0.5,-1.0,-0.5,-0.5,-0.5,-0.5,-0.5,1.0,-0.5,-1,-0.5,-0.5,-0.5,-0.5,0
34,17.0,-0.5,-0.5,-1,-1.0,-0.5,-0.5,-0.5,-0.5,-0.5,-1,-0.5,-0.5,-0.5,-1.0,-0.5,1,1.0,-0.5,1.0,1.0,-0.5,-0.5,-0.5,-0.5,-0.5,-0.5,-0.5,1.0,-1.0,-0.5,-1.0,-1.0,-1.0,-1.0,-1.0,-0.5,-1.0,-1.0,-1.0,-1.0,-1.0,-1.0,1.0,-1,1.0,1.0,-0.5,-0.5,-0.5,1.0,-0.5,-0.5,-0.5,-0.5,1.0,-0.5,1.0,1.0,1.0,-0.5,-0.5,-0.5,-0.5,1,-0.5,-0.5,-0.5,-0.5,-0.5,-0.5,-1.0,-0.5,-1.0,-0.5,-0.5,-0.5,-0.5,-0.5,1.0,-0.5,-1,-0.5,-0.5,-0.5,-0.5,0
35,17.0,-0.5,-0.5,-1,-1.0,-0.5,-0.5,-0.5,-0.5,-0.5,-1,-0.5,-0.5,-0.5,-1.0,-0.5,1,1.0,-0.5,1.0,1.0,-0.5,-0.5,-0.5,-0.5,-0.5,-0.5,-0.5,1.0,-1.0,-0.5,-1.0,-1.0,-1.0,-1.0,-1.0,-0.5,-1.0,-1.0,-1.0,-1.0,-1.0,-1.0,1.0,-1,1.0,1.0,-0.5,-0.5,-0.5,1.0,-0.5,-0.5,-0.5,-0.5,1.0,-0.5,1.0,1.0,1.0,-0.5,-0.5,-0.5,-0.5,1,-0.5,-0.5,-0.5,-0.5,-0.5,-0.5,-1.0,-0.5,-1.0,-0.5,-0.5,-0.5,-0.5,-0.5,1.0,-0.5,-1,-0.5,-0.5,-0.5,-0.5,0
36,18.0,-0.5,-0.5,-1,-1.0,-0.5,-0.5,-0.5,-0.5,-0.5,-1,-0.5,-0.5,-0.5,-1.0,-0.5,1,1.0,-0.5,1.0,1.0,-0.5,-0.5,-0.5,-0.5,-0.5,-0.5,-0.5,-0.5,-1.0,-0.5,-1.0,-1.0,-1.0,-1.0,-1.0,-0.5,-1.0,-1.0,-1.0,-1.0,-1.0,-1.0,-0.5,-1,-1.0,-1.0,-1.0,-0.5,-0.5,-1.0,-1.0,-0.5,-0.5,-0.5,1.0,-0.5,1.0,1.0,1.0,-0.5,-0.5,-0.5,-0.5,-1,-1.0,-0.5,-0.5,-0.5,-0.5,-0.5,-1.0,-0.5,-1.0,-0.5,-0.5,-0.5,-0.5,-0.5,1.0,-0.5,-1,-0.5,-0.5,-0.5,-1.0,1
37,18.0,-0.5,-0.5,-1,-1.0,-0.5,-0.5,-0.5,-0.5,-0.5,-1,-0.5,-0.5,-0.5,-1.0,-0.5,1,1.0,-0.5,1.0,1.0,-0.5,-0.5,-0.5,-0.5,-0.5,-0.5,-0.5,-0.5,-1.0,-0.5,-1.0,-1.0,-1.0,-1.0,-1.0,-0.5,-1.0,-1.0,-1.0,-1.0,-1.0,-1.0,-0.5,-1,-1.0,-1.0,-1.0,-0.5,-0.5,-1.0,-1.0,-0.5,-0.5,-0.5,1.0,-0.5,1.0,1.0,1.0,-0.5,-0.5,-0.5,-0.5,-1,-1.0,-0.5,-0.5,-0.5,-0.5,-0.5,-1.0,-0.5,-1.0,-0.5,-0.5,-0.5,-0.5,-0.5,1.0,-0.5,-1,-0.5,-0.5,-0.5,-1.0,1
38,19.0,-0.5,-0.5,-1,-1.0,-0.5,-0.5,-0.5,-0.5,-0.5,-1,-0.5,-0.5,-0.5,-1.0,-0.5,1,-1.0,-0.5,1.0,1.0,-0.5,-0.5,-0.5,-0.5,-0.5,-0.5,-0.5,-0.5,-1.0,-0.5,-1.0,-1.0,-1.0,-1.0,-1.0,-1.0,-1.0,-1.0,-1.0,-1.0,-1.0,-1.0,-1.0,-1,-0.5,-0.5,-0.5,-0.5,-0.5,-0.5,-0.5,-0.5,-0.5,-0.5,1.0,-0.5,1.0,1.0,1.0,-0.5,-1.0,-0.5,-0.5,-1,-0.5,-0.5,-0.5,-0.5,-0.5,-0.5,-1.0,-0.5,-1.0,-0.5,-0.5,-0.5,-0.5,-0.5,1.0,-0.5,-1,-0.5,-0.5,-0.5,-0.5,1
39,19.0,-0.5,-0.5,-1,-1.0,-0.5,-0.5,-0.5,-0.5,-0.5,-1,-0.5,-0.5,-0.5,-1.0,-0.5,1,-1.0,-0.5,1.0,1.0,-0.5,-0.5,-0.5,-0.5,-0.5,-0.5,-0.5,-0.5,-1.0,-0.5,-1.0,-1.0,-1.0,-1.0,-1.0,-1.0,-1.0,-1.0,-1.0,-1.0,-1.0,-1.0,-1.0,-1,-0.5,-0.5,-0.5,-0.5,-0.5,-0.5,-0.5,-0.5,-0.5,-0.5,1.0,-0.5,1.0,1.0,1.0,-0.5,-1.0,-0.5,-0.5,-1,-0.5,-0.5,-0.5,-0.5,-0.5,-0.5,-1.0,-0.5,-1.0,-0.5,-0.5,-0.5,-0.5,-0.5,1.0,-0.5,-1,-0.5,-0.5,-0.5,-0.5,1
40,20.0,-0.5,-0.5,-1,-1.0,-0.5,-0.5,-0.5,-0.5,-0.5,-1,-0.5,1.0,-0.5,-0.5,-0.5,1,1.0,-0.5,1.0,1.0,-0.5,-0.5,-0.5,-0.5,-0.5,-0.5,-0.5,1.0,-1.0,-0.5,-1.0,-1.0,-1.0,-1.0,-1.0,-0.5,-0.5,-1.0,-1.0,-1.0,-1.0,-1.0,1.0,-1,1.0,1.0,-0.5,-0.5,-0.5,1.0,-0.5,-0.5,-0.5,-0.5,1.0,-0.5,1.0,1.0,1.0,-0.5,-0.5,-0.5,-0.5,1,1.0,-0.5,-0.5,-0.5,-0.5,-0.5,-0.5,-0.5,1.0,-0.5,-0.5,1.0,-0.5,-0.5,1.0,-0.5,-1,-0.5,-0.5,-0.5,-1.0,0
41,20.0,-0.5,-0.5,-1,-1.0,-0.5,-0.5,-0.5,-0.5,-0.5,-1,-0.5,1.0,-0.5,-0.5,-0.5,1,1.0,-0.5,1.0,1.0,-0.5,-0.5,-0.5,-0.5,-0.5,-0.5,-0.5,1.0,-1.0,-0.5,-1.0,-1.0,-1.0,-1.0,-1.0,-0.5,-0.5,-1.0,-1.0,-1.0,-1.0,-1.0,1.0,-1,1.0,1.0,-0.5,-0.5,-0.5,1.0,-0.5,-0.5,-0.5,-0.5,1.0,-0.5,1.0,1.0,1.0,-0.5,-0.5,-0.5,-0.5,1,1.0,-0.5,-0.5,-0.5,-0.5,-0.5,-0.5,-0.5,1.0,-0.5,-0.5,1.0,-0.5,-0.5,1.0,-0.5,-1,-0.5,-0.5,-0.5,-1.0,0
42,21.0,-0.5,-0.5,1,1.0,-0.5,-0.5,1.0,-0.5,-0.5,1,-0.5,1.0,-0.5,1.0,-0.5,1,1.0,-0.5,1.0,1.0,-0.5,-0.5,-0.5,-0.5,-0.5,-0.5,-0.5,1.0,-1.0,-0.5,-0.5,-0.5,1.0,-1.0,1.0,-0.5,1.0,-0.5,-0.5,-1.0,-0.5,-1.0,1.0,-1,-0.5,1.0,-0.5,-0.5,-0.5,-0.5,-0.5,-0.5,-0.5,-0.5,1.0,-0.5,1.0,1.0,1.0,-0.5,1.0,-0.5,1.0,1,-0.5,-0.5,-0.5,-0.5,-0.5,-0.5,-0.5,-0.5,-0.5,-0.5,-0.5,1.0,-0.5,1.0,1.0,-0.5,-1,-0.5,-0.5,-0.5,-1.0,0
43,21.0,-0.5,-0.5,1,1.0,-0.5,-0.5,1.0,-0.5,-0.5,1,-0.5,1.0,-0.5,1.0,-0.5,1,1.0,-0.5,1.0,1.0,-0.5,-0.5,-0.5,-0.5,-0.5,-0.5,-0.5,1.0,-1.0,-0.5,-0.5,-0.5,1.0,-1.0,1.0,-0.5,1.0,-0.5,-0.5,-1.0,-0.5,-1.0,1.0,-1,-0.5,1.0,-0.5,-0.5,-0.5,-0.5,-0.5,-0.5,-0.5,-0.5,1.0,-0.5,1.0,1.0,1.0,-0.5,1.0,-0.5,1.0,1,-0.5,-0.5,-0.5,-0.5,-0.5,-0.5,-0.5,-0.5,-0.5,-0.5,-0.5,1.0,-0.5,1.0,1.0,-0.5,-1,-0.5,-0.5,-0.5,-1.0,0
44,22.0,-0.5,-0.5,1,1.0,-0.5,-0.5,1.0,-0.5,-0.5,-1,-0.5,-0.5,-0.5,1.0,-0.5,1,1.0,-0.5,1.0,1.0,-0.5,-0.5,-0.5,-0.5,-0.5,-0.5,-0.5,1.0,-1.0,1.0,-0.5,-0.5,1.0,-1.0,1.0,-0.5,1.0,1.0,-0.5,-1.0,1.0,-1.0,-1.0,-1,-0.5,-0.5,-1.0,-0.5,-1.0,-0.5,-1.0,-0.5,-0.5,-0.5,1.0,-0.5,1.0,1.0,1.0,-0.5,1.0,-0.5,-0.5,-1,-0.5,-0.5,-0.5,-0.5,-0.5,-0.5,-0.5,-0.5,1.0,-0.5,-0.5,-0.5,-0.5,1.0,1.0,-0.5,-1,-0.5,-0.5,-0.5,-1.0,0
45,22.0,-0.5,-0.5,1,1.0,-0.5,-0.5,1.0,-0.5,-0.5,-1,-0.5,-0.5,-0.5,1.0,-0.5,1,1.0,-0.5,1.0,1.0,-0.5,-0.5,-0.5,-0.5,-0.5,-0.5,-0.5,1.0,-1.0,1.0,-0.5,-0.5,1.0,-1.0,1.0,-0.5,1.0,1.0,-0.5,-1.0,1.0,-1.0,-1.0,-1,-0.5,-0.5,-1.0,-0.5,-1.0,-0.5,-1.0,-0.5,-0.5,-0.5,1.0,-0.5,1.0,1.0,1.0,-0.5,1.0,-0.5,-0.5,-1,-0.5,-0.5,-0.5,-0.5,-0.5,-0.5,-0.5,-0.5,1.0,-0.5,-0.5,-0.5,-0.5,1.0,1.0,-0.5,-1,-0.5,-0.5,-0.5,-1.0,0
46,23.0,-0.5,-0.5,1,1.0,-0.5,-0.5,-0.5,-0.5,-0.5,-1,-0.5,-0.5,-0.5,1.0,-0.5,1,1.0,-0.5,1.0,1.0,-0.5,-0.5,-0.5,-0.5,-0.5,-0.5,-0.5,1.0,-0.5,1.0,1.0,-0.5,1.0,-1.0,1.0,-0.5,1.0,1.0,-0.5,-0.5,1.0,-1.0,-0.5,-1,-0.5,1.0,-0.5,-0.5,-0.5,-0.5,-0.5,-0.5,-0.5,-0.5,1.0,-0.5,1.0,1.0,1.0,-0.5,1.0,-0.5,-0.5,1,1.0,-0.5,-0.5,-0.5,-0.5,-0.5,-0.5,-0.5,-0.5,-0.5,-0.5,-0.5,-0.5,1.0,1.0,-0.5,1,-0.5,-0.5,1.0,-1.0,0
47,23.0,-0.5,-0.5,1,1.0,-0.5,-0.5,-0.5,-0.5,-0.5,-1,-0.5,-0.5,-0.5,1.0,-0.5,1,1.0,-0.5,1.0,1.0,-0.5,-0.5,-0.5,-0.5,-0.5,-0.5,-0.5,1.0,-0.5,1.0,1.0,-0.5,1.0,-1.0,1.0,-0.5,1.0,1.0,-0.5,-0.5,1.0,-1.0,-0.5,-1,-0.5,1.0,-0.5,-0.5,-0.5,-0.5,-0.5,-0.5,-0.5,-0.5,1.0,-0.5,1.0,1.0,1.0,-0.5,1.0,-0.5,-0.5,1,1.0,-0.5,-0.5,-0.5,-0.5,-0.5,-0.5,-0.5,-0.5,-0.5,-0.5,-0.5,-0.5,1.0,1.0,-0.5,1,-0.5,-0.5,1.0,-1.0,0
48,24.0,-0.5,-0.5,1,1.0,-0.5,-0.5,-0.5,-0.5,-0.5,1,-0.5,-0.5,-0.5,-0.5,-0.5,1,1.0,-0.5,1.0,1.0,-0.5,-0.5,-0.5,-0.5,-0.5,-0.5,-0.5,1.0,-0.5,1.0,1.0,-0.5,1.0,-1.0,1.0,-0.5,1.0,1.0,1.0,1.0,1.0,-1.0,-0.5,-1,-0.5,-0.5,-1.0,-0.5,-0.5,-0.5,-0.5,-0.5,-0.5,1.0,1.0,-0.5,1.0,1.0,1.0,-0.5,1.0,-0.5,-0.5,1,-0.5,-0.5,-0.5,-0.5,-0.5,-0.5,-0.5,-0.5,-0.5,-0.5,-0.5,-0.5,-0.5,1.0,1.0,-0.5,1,-0.5,-0.5,1.0,-1.0,0
49,24.0,-0.5,-0.5,1,1.0,-0.5,-0.5,-0.5,-0.5,-0.5,1,-0.5,-0.5,-0.5,-0.5,-0.5,1,1.0,-0.5,1.0,1.0,-0.5,-0.5,-0.5,-0.5,-0.5,-0.5,-0.5,1.0,-0.5,1.0,1.0,-0.5,1.0,-1.0,1.0,-0.5,1.0,1.0,1.0,1.0,1.0,-1.0,-0.5,-1,-0.5,-0.5,-1.0,-0.5,-0.5,-0.5,-0.5,-0.5,-0.5,1.0,1.0,-0.5,1.0,1.0,1.0,-0.5,1.0,-0.5,-0.5,1,-0.5,-0.5,-0.5,-0.5,-0.5,-0.5,-0.5,-0.5,-0.5,-0.5,-0.5,-0.5,-0.5,1.0,1.0,-0.5,1,-0.5,-0.5,1.0,-1.0,0
50,25.0,-0.5,-0.5,1,1.0,-0.5,-0.5,-0.5,-0.5,-0.5,1,-0.5,-0.5,-0.5,1.0,-0.5,1,1.0,-0.5,-0.5,-0.5,-0.5,-0.5,-0.5,1.0,-0.5,-0.5,-0.5,-0.5,-0.5,1.0,1.0,1.0,1.0,-0.5,1.0,-0.5,1.0,1.0,1.0,1.0,1.0,-1.0,-0.5,-1,-1.0,-0.5,-1.0,-0.5,-0.5,-1.0,-1.0,-0.5,-0.5,1.0,1.0,-0.5,1.0,1.0,1.0,-0.5,1.0,-0.5,-0.5,-1,-0.5,-0.5,-0.5,-0.5,-0.5,-0.5,-0.5,-0.5,1.0,-0.5,-0.5,-0.5,-0.5,1.0,1.0,-0.5,1,-0.5,-0.5,-0.5,-1.0,0
51,25.0,-0.5,-0.5,1,1.0,-0.5,-0.5,-0.5,-0.5,-0.5,1,-0.5,-0.5,-0.5,1.0,-0.5,1,1.0,-0.5,-0.5,-0.5,-0.5,-0.5,-0.5,1.0,-0.5,-0.5,-0.5,-0.5,-0.5,1.0,1.0,1.0,1.0,-0.5,1.0,-0.5,1.0,1.0,1.0,1.0,1.0,-1.0,-0.5,-1,-1.0,-0.5,-1.0,-0.5,-0.5,-1.0,-1.0,-0.5,-0.5,1.0,1.0,-0.5,1.0,1.0,1.0,-0.5,1.0,-0.5,-0.5,-1,-0.5,-0.5,-0.5,-0.5,-0.5,-0.5,-0.5,-0.5,1.0,-0.5,-0.5,-0.5,-0.5,1.0,1.0,-0.5,1,-0.5,-0.5,-0.5,-1.0,0
52,26.0,-0.5,-0.5,1,1.0,-0.5,-0.5,-0.5,-0.5,-0.5,-1,-0.5,-0.5,-0.5,1.0,-0.5,1,1.0,-0.5,-0.5,-0.5,-0.5,-0.5,-0.5,1.0,-0.5,-0.5,-0.5,-0.5,-0.5,1.0,1.0,1.0,1.0,-0.5,1.0,-0.5,1.0,1.0,1.0,1.0,1.0,-1.0,-1.0,-1,-0.5,-1.0,-0.5,-0.5,-0.5,-0.5,-0.5,-0.5,-0.5,-0.5,1.0,-0.5,1.0,1.0,1.0,-0.5,-0.5,-0.5,-0.5,-1,-0.5,-0.5,-0.5,-0.5,-0.5,-0.5,-0.5,-0.5,1.0,-0.5,-0.5,-0.5,-0.5,-0.5,-0.5,-0.5,1,-0.5,-0.5,-0.5,-1.0,0
53,26.0,-0.5,-0.5,1,1.0,-0.5,-0.5,-0.5,-0.5,-0.5,-1,-0.5,-0.5,-0.5,1.0,-0.5,1,1.0,-0.5,-0.5,-0.5,-0.5,-0.5,-0.5,1.0,-0.5,-0.5,-0.5,-0.5,-0.5,1.0,1.0,1.0,1.0,-0.5,1.0,-0.5,1.0,1.0,1.0,1.0,1.0,-1.0,-1.0,-1,-0.5,-1.0,-0.5,-0.5,-0.5,-0.5,-0.5,-0.5,-0.5,-0.5,1.0,-0.5,1.0,1.0,1.0,-0.5,-0.5,-0.5,-0.5,-1,-0.5,-0.5,-0.5,-0.5,-0.5,-0.5,-0.5,-0.5,1.0,-0.5,-0.5,-0.5,-0.5,-0.5,-0.5,-0.5,1,-0.5,-0.5,-0.5,-1.0,0
54,27.0,-0.5,-0.5,1,1.0,-0.5,-0.5,-0.5,-0.5,-0.5,-1,-0.5,-0.5,-0.5,1.0,-0.5,1,1.0,-0.5,-0.5,-0.5,-0.5,-0.5,-0.5,1.0,-0.5,-0.5,-0.5,-0.5,-0.5,1.0,1.0,1.0,1.0,-0.5,1.0,-0.5,1.0,1.0,1.0,1.0,1.0,-1.0,-0.5,-1,-0.5,-0.5,-1.0,-0.5,-0.5,-0.5,1.0,-0.5,-0.5,-0.5,1.0,-0.5,1.0,1.0,1.0,-0.5,-0.5,-0.5,-0.5,-1,-0.5,-0.5,-1.0,-0.5,-0.5,-0.5,-0.5,-0.5,1.0,-0.5,-0.5,-0.5,-0.5,-0.5,-0.5,-0.5,1,-0.5,-0.5,-0.5,-1.0,0
55,27.0,-0.5,-0.5,1,1.0,-0.5,-0.5,-0.5,-0.5,-0.5,-1,-0.5,-0.5,-0.5,1.0,-0.5,1,1.0,-0.5,-0.5,-0.5,-0.5,-0.5,-0.5,1.0,-0.5,-0.5,-0.5,-0.5,-0.5,1.0,1.0,1.0,1.0,-0.5,1.0,-0.5,1.0,1.0,1.0,1.0,1.0,-1.0,-0.5,-1,-0.5,-0.5,-1.0,-0.5,-0.5,-0.5,1.0,-0.5,-0.5,-0.5,1.0,-0.5,1.0,1.0,1.0,-0.5,-0.5,-0.5,-0.5,-1,-0.5,-0.5,-1.0,-0.5,-0.5,-0.5,-0.5,-0.5,1.0,-0.5,-0.5,-0.5,-0.5,-0.5,-0.5,-0.5,1,-0.5,-0.5,-0.5,-1.0,0
56,28.0,-0.5,-0.5,1,1.0,-0.5,-0.5,-0.5,-0.5,-0.5,-1,-0.5,-0.5,-0.5,1.0,-0.5,1,1.0,-0.5,-0.5,-0.5,-0.5,-0.5,-0.5,1.0,-0.5,-0.5,-0.5,-0.5,-0.5,1.0,1.0,1.0,1.0,-0.5,1.0,-0.5,1.0,1.0,1.0,1.0,1.0,-1.0,-1.0,-1,-0.5,-0.5,1.0,-0.5,-0.5,-0.5,1.0,-0.5,-0.5,-0.5,1.0,-0.5,1.0,1.0,1.0,-0.5,-0.5,-0.5,-0.5,1,-0.5,-0.5,-0.5,-0.5,-0.5,1.0,-0.5,-0.5,1.0,-0.5,-0.5,-0.5,-0.5,-0.5,-0.5,-0.5,1,-0.5,-0.5,-0.5,-1.0,0
57,28.0,-0.5,-0.5,1,1.0,-0.5,-0.5,-0.5,-0.5,-0.5,-1,-0.5,-0.5,-0.5,1.0,-0.5,1,1.0,-0.5,-0.5,-0.5,-0.5,-0.5,-0.5,1.0,-0.5,-0.5,-0.5,-0.5,-0.5,1.0,1.0,1.0,1.0,-0.5,1.0,-0.5,1.0,1.0,1.0,1.0,1.0,-1.0,-1.0,-1,-0.5,-0.5,1.0,-0.5,-0.5,-0.5,1.0,-0.5,-0.5,-0.5,1.0,-0.5,1.0,1.0,1.0,-0.5,-0.5,-0.5,-0.5,1,-0.5,-0.5,-0.5,-0.5,-0.5,1.0,-0.5,-0.5,1.0,-0.5,-0.5,-0.5,-0.5,-0.5,-0.5,-0.5,1,-0.5,-0.5,-0.5,-1.0,0
58,29.0,-0.5,-0.5,1,1.0,-0.5,-0.5,-0.5,-0.5,-0.5,1,-0.5,-0.5,-0.5,1.0,-0.5,1,1.0,-0.5,-0.5,-0.5,-0.5,-0.5,-0.5,1.0,-0.5,-0.5,-0.5,-0.5,-0.5,1.0,1.0,1.0,1.0,-0.5,1.0,1.0,1.0,1.0,1.0,1.0,1.0,-1.0,-1.0,-1,1.0,-0.5,-0.5,-0.5,-0.5,1.0,-1.0,-0.5,-0.5,-0.5,1.0,-0.5,1.0,1.0,1.0,-0.5,-0.5,-0.5,-0.5,-1,-0.5,-0.5,-0.5,-0.5,-0.5,1.0,-0.5,-0.5,1.0,-0.5,-0.5,-0.5,-0.5,-0.5,-0.5,-0.5,1,-0.5,-0.5,-0.5,-1.0,0
59,29.0,-0.5,-0.5,1,1.0,-0.5,-0.5,-0.5,-0.5,-0.5,1,-0.5,-0.5,-0.5,1.0,-0.5,1,1.0,-0.5,-0.5,-0.5,-0.5,-0.5,-0.5,1.0,-0.5,-0.5,-0.5,-0.5,-0.5,1.0,1.0,1.0,1.0,-0.5,1.0,1.0,1.0,1.0,1.0,1.0,1.0,-1.0,-1.0,-1,1.0,-0.5,-0.5,-0.5,-0.5,1.0,-1.0,-0.5,-0.5,-0.5,1.0,-0.5,1.0,1.0,1.0,-0.5,-0.5,-0.5,-0.5,-1,-0.5,-0.5,-0.5,-0.5,-0.5,1.0,-0.5,-0.5,1.0,-0.5,-0.5,-0.5,-0.5,-0.5,-0.5,-0.5,1,-0.5,-0.5,-0.5,-1.0,0
60,30.0,-0.5,-0.5,1,1.0,-0.5,-0.5,-0.5,-0.5,-0.5,1,-0.5,-0.5,-0.5,-0.5,-0.5,1,1.0,-0.5,-0.5,-0.5,-0.5,-0.5,-0.5,1.0,-0.5,-0.5,-0.5,-0.5,-0.5,1.0,1.0,1.0,1.0,-0.5,1.0,1.0,1.0,1.0,1.0,1.0,1.0,-1.0,-0.5,-1,-0.5,1.0,-0.5,-0.5,-0.5,-0.5,1.0,-0.5,-0.5,-0.5,1.0,-0.5,1.0,1.0,1.0,-0.5,-0.5,-0.5,-0.5,1,1.0,-0.5,1.0,-0.5,-0.5,-0.5,-0.5,-0.5,1.0,-0.5,-0.5,-0.5,-0.5,-0.5,-0.5,-0.5,1,-0.5,-0.5,-0.5,-0.5,0
61,30.0,-0.5,-0.5,1,1.0,-0.5,-0.5,-0.5,-0.5,-0.5,1,-0.5,-0.5,-0.5,-0.5,-0.5,1,1.0,-0.5,-0.5,-0.5,-0.5,-0.5,-0.5,1.0,-0.5,-0.5,-0.5,-0.5,-0.5,1.0,1.0,1.0,1.0,-0.5,1.0,1.0,1.0,1.0,1.0,1.0,1.0,-1.0,-0.5,-1,-0.5,1.0,-0.5,-0.5,-0.5,-0.5,1.0,-0.5,-0.5,-0.5,1.0,-0.5,1.0,1.0,1.0,-0.5,-0.5,-0.5,-0.5,1,1.0,-0.5,1.0,-0.5,-0.5,-0.5,-0.5,-0.5,1.0,-0.5,-0.5,-0.5,-0.5,-0.5,-0.5,-0.5,1,-0.5,-0.5,-0.5,-0.5,0
62,31.0,-0.5,-0.5,1,1.0,-0.5,-0.5,-0.5,-0.5,-0.5,1,-0.5,-0.5,-0.5,-0.5,-0.5,1,1.0,-0.5,-0.5,-0.5,-0.5,-0.5,-0.5,1.0,-0.5,-0.5,-0.5,-0.5,1.0,1.0,1.0,1.0,1.0,1.0,1.0,1.0,1.0,1.0,1.0,1.0,1.0,-1.0,-1.0,-1,-0.5,-0.5,1.0,-0.5,-0.5,-0.5,-0.5,-0.5,-0.5,-0.5,1.0,-0.5,1.0,1.0,1.0,-0.5,-0.5,-0.5,-0.5,1,-0.5,-0.5,-0.5,-0.5,-0.5,-0.5,1.0,1.0,1.0,-0.5,-0.5,-0.5,-0.5,-0.5,-0.5,-0.5,1,-0.5,-0.5,-0.5,-0.5,0
63,31.0,-0.5,-0.5,1,1.0,-0.5,-0.5,-0.5,-0.5,-0.5,1,-0.5,-0.5,-0.5,-0.5,-0.5,1,1.0,-0.5,-0.5,-0.5,-0.5,-0.5,-0.5,1.0,-0.5,-0.5,-0.5,-0.5,1.0,1.0,1.0,1.0,1.0,1.0,1.0,1.0,1.0,1.0,1.0,1.0,1.0,-1.0,-1.0,-1,-0.5,-0.5,1.0,-0.5,-0.5,-0.5,-0.5,-0.5,-0.5,-0.5,1.0,-0.5,1.0,1.0,1.0,-0.5,-0.5,-0.5,-0.5,1,-0.5,-0.5,-0.5,-0.5,-0.5,-0.5,1.0,1.0,1.0,-0.5,-0.5,-0.5,-0.5,-0.5,-0.5,-0.5,1,-0.5,-0.5,-0.5,-0.5,0
64,32.0,-0.5,-0.5,-1,-1.0,-0.5,-0.5,-1.0,-0.5,-0.5,1,-0.5,-0.5,-0.5,1.0,-0.5,1,-1.0,-0.5,1.0,-0.5,-0.5,-0.5,-0.5,1.0,-0.5,-0.5,-0.5,-0.5,-0.5,-0.5,-0.5,-0.5,1.0,1.0,1.0,-0.5,-0.5,-0.5,-0.5,-0.5,-0.5,-1.0,-1.0,-1,-0.5,-1.0,-0.5,-0.5,-0.5,-0.5,-0.5,-0.5,-0.5,-0.5,1.0,-0.5,1.0,1.0,1.0,-0.5,-0.5,-0.5,-0.5,-1,-1.0,-0.5,-0.5,-0.5,-0.5,-0.5,-0.5,1.0,1.0,-0.5,-0.5,-0.5,-0.5,-0.5,-0.5,-0.5,1,-0.5,-0.5,-0.5,-0.5,0
65,32.0,-0.5,-0.5,-1,-1.0,-0.5,-0.5,-1.0,-0.5,-0.5,1,-0.5,-0.5,-0.5,1.0,-0.5,1,-1.0,-0.5,1.0,-0.5,-0.5,-0.5,-0.5,1.0,-0.5,-0.5,-0.5,-0.5,-0.5,-0.5,-0.5,-0.5,1.0,1.0,1.0,-0.5,-0.5,-0.5,-0.5,-0.5,-0.5,-1.0,-1.0,-1,-0.5,-1.0,-0.5,-0.5,-0.5,-0.5,-0.5,-0.5,-0.5,-0.5,1.0,-0.5,1.0,1.0,1.0,-0.5,-0.5,-0.5,-0.5,-1,-1.0,-0.5,-0.5,-0.5,-0.5,-0.5,-0.5,1.0,1.0,-0.5,-0.5,-0.5,-0.5,-0.5,-0.5,-0.5,1,-0.5,-0.5,-0.5,-0.5,0
66,33.0,-0.5,-0.5,1,1.0,-0.5,-0.5,1.0,-0.5,-0.5,1,-0.5,-0.5,-0.5,1.0,-0.5,1,1.0,-0.5,1.0,-0.5,-0.5,-0.5,-0.5,1.0,-0.5,-0.5,-0.5,-0.5,1.0,-0.5,-0.5,-0.5,1.0,1.0,1.0,-0.5,-0.5,-0.5,-0.5,-0.5,-0.5,-1.0,-0.5,-1,1.0,1.0,-0.5,-0.5,1.0,1.0,-0.5,-0.5,-0.5,-0.5,1.0,-0.5,1.0,1.0,1.0,-0.5,-0.5,-0.5,-0.5,1,1.0,-0.5,-0.5,-0.5,-0.5,1.0,1.0,-0.5,1.0,-0.5,-0.5,-0.5,-0.5,-0.5,-0.5,-0.5,1,-0.5,-0.5,-0.5,-0.5,0
67,33.0,-0.5,-0.5,1,1.0,-0.5,-0.5,1.0,-0.5,-0.5,1,-0.5,-0.5,-0.5,1.0,-0.5,1,1.0,-0.5,1.0,-0.5,-0.5,-0.5,-0.5,1.0,-0.5,-0.5,-0.5,-0.5,1.0,-0.5,-0.5,-0.5,1.0,1.0,1.0,-0.5,-0.5,-0.5,-0.5,-0.5,-0.5,-1.0,-0.5,-1,1.0,1.0,-0.5,-0.5,1.0,1.0,-0.5,-0.5,-0.5,-0.5,1.0,-0.5,1.0,1.0,1.0,-0.5,-0.5,-0.5,-0.5,1,1.0,-0.5,-0.5,-0.5,-0.5,1.0,1.0,-0.5,1.0,-0.5,-0.5,-0.5,-0.5,-0.5,-0.5,-0.5,1,-0.5,-0.5,-0.5,-0.5,0
68,34.0,-0.5,-0.5,1,1.0,-0.5,-0.5,1.0,-0.5,-0.5,1,-0.5,-0.5,-0.5,-0.5,-0.5,1,1.0,-0.5,-0.5,-0.5,-0.5,-0.5,-0.5,1.0,-0.5,-0.5,-0.5,1.0,1.0,-0.5,-0.5,-0.5,1.0,1.0,1.0,1.0,1.0,1.0,1.0,1.0,1.0,-0.5,-0.5,-1,-0.5,1.0,-0.5,-0.5,-1.0,-0.5,-0.5,-0.5,-0.5,-0.5,1.0,-0.5,1.0,1.0,1.0,-0.5,1.0,-0.5,-0.5,1,-0.5,-0.5,-0.5,-0.5,-0.5,1.0,1.0,-0.5,1.0,-0.5,-0.5,-0.5,-0.5,-0.5,-0.5,-0.5,1,-0.5,-0.5,-0.5,-0.5,0
69,34.0,-0.5,-0.5,1,1.0,-0.5,-0.5,1.0,-0.5,-0.5,1,-0.5,-0.5,-0.5,-0.5,-0.5,1,1.0,-0.5,-0.5,-0.5,-0.5,-0.5,-0.5,1.0,-0.5,-0.5,-0.5,1.0,1.0,-0.5,-0.5,-0.5,1.0,1.0,1.0,1.0,1.0,1.0,1.0,1.0,1.0,-0.5,-0.5,-1,-0.5,1.0,-0.5,-0.5,-1.0,-0.5,-0.5,-0.5,-0.5,-0.5,1.0,-0.5,1.0,1.0,1.0,-0.5,1.0,-0.5,-0.5,1,-0.5,-0.5,-0.5,-0.5,-0.5,1.0,1.0,-0.5,1.0,-0.5,-0.5,-0.5,-0.5,-0.5,-0.5,-0.5,1,-0.5,-0.5,-0.5,-0.5,0
70,35.0,-0.5,-0.5,1,1.0,-0.5,-0.5,-0.5,-0.5,-0.5,1,-0.5,-0.5,-0.5,1.0,-0.5,1,1.0,-0.5,-0.5,-0.5,-0.5,-0.5,-0.5,1.0,-0.5,-0.5,-0.5,1.0,1.0,1.0,1.0,1.0,1.0,1.0,1.0,1.0,1.0,1.0,1.0,1.0,1.0,1.0,-0.5,-1,-1.0,-0.5,-0.5,-0.5,-0.5,-1.0,-1.0,-0.5,-0.5,1.0,1.0,-0.5,1.0,1.0,1.0,-0.5,1.0,-0.5,-0.5,-1,-0.5,-0.5,-1.0,-0.5,-0.5,-0.5,1.0,-0.5,1.0,-0.5,-0.5,-0.5,-0.5,-0.5,-0.5,-0.5,1,-0.5,-0.5,-0.5,-0.5,0
71,35.0,-0.5,-0.5,1,1.0,-0.5,-0.5,-0.5,-0.5,-0.5,1,-0.5,-0.5,-0.5,1.0,-0.5,1,1.0,-0.5,-0.5,-0.5,-0.5,-0.5,-0.5,1.0,-0.5,-0.5,-0.5,1.0,1.0,1.0,1.0,1.0,1.0,1.0,1.0,1.0,1.0,1.0,1.0,1.0,1.0,1.0,-0.5,-1,-1.0,-0.5,-0.5,-0.5,-0.5,-1.0,-1.0,-0.5,-0.5,1.0,1.0,-0.5,1.0,1.0,1.0,-0.5,1.0,-0.5,-0.5,-1,-0.5,-0.5,-1.0,-0.5,-0.5,-0.5,1.0,-0.5,1.0,-0.5,-0.5,-0.5,-0.5,-0.5,-0.5,-0.5,1,-0.5,-0.5,-0.5,-0.5,0
72,36.0,-0.5,-0.5,-1,-1.0,-0.5,-0.5,-1.0,-0.5,-0.5,1,-0.5,-1.0,-0.5,-1.0,-0.5,1,-1.0,-0.5,1.0,1.0,-0.5,-0.5,-0.5,1.0,-0.5,-0.5,-0.5,-0.5,1.0,-0.5,-0.5,-0.5,1.0,1.0,1.0,-0.5,-0.5,-0.5,-0.5,-0.5,-0.5,1.0,-1.0,-1,-0.5,-1.0,-0.5,-0.5,-0.5,-0.5,-0.5,-0.5,-0.5,-0.5,1.0,-0.5,1.0,1.0,1.0,-0.5,-0.5,-0.5,-0.5,-1,-0.5,-0.5,-0.5,-0.5,-0.5,-0.5,-0.5,-0.5,-1.0,-0.5,-0.5,-0.5,-0.5,-0.5,-0.5,-0.5,1,-0.5,-0.5,-0.5,-1.0,0
73,36.0,-0.5,-0.5,-1,-1.0,-0.5,-0.5,-1.0,-0.5,-0.5,1,-0.5,-1.0,-0.5,-1.0,-0.5,1,-1.0,-0.5,1.0,1.0,-0.5,-0.5,-0.5,1.0,-0.5,-0.5,-0.5,-0.5,1.0,-0.5,-0.5,-0.5,1.0,1.0,1.0,-0.5,-0.5,-0.5,-0.5,-0.5,-0.5,1.0,-1.0,-1,-0.5,-1.0,-0.5,-0.5,-0.5,-0.5,-0.5,-0.5,-0.5,-0.5,1.0,-0.5,1.0,1.0,1.0,-0.5,-0.5,-0.5,-0.5,-1,-0.5,-0.5,-0.5,-0.5,-0.5,-0.5,-0.5,-0.5,-1.0,-0.5,-0.5,-0.5,-0.5,-0.5,-0.5,-0.5,1,-0.5,-0.5,-0.5,-1.0,0
74,37.0,-0.5,-0.5,1,1.0,-0.5,-0.5,1.0,-0.5,-0.5,1,-0.5,-1.0,-0.5,-1.0,-0.5,1,-1.0,-0.5,1.0,1.0,-0.5,-0.5,-0.5,1.0,-0.5,-0.5,-0.5,-0.5,1.0,-0.5,-0.5,-0.5,1.0,1.0,1.0,-0.5,-0.5,-0.5,-0.5,-0.5,-0.5,1.0,1.0,-1,1.0,-0.5,-0.5,-0.5,1.0,1.0,-0.5,-0.5,-0.5,-0.5,1.0,-0.5,1.0,1.0,1.0,-0.5,-0.5,-0.5,-0.5,1,-0.5,-0.5,-0.5,-0.5,-0.5,-0.5,1.0,-0.5,1.0,-0.5,-0.5,1.0,-0.5,-0.5,-0.5,-0.5,1,-0.5,-0.5,-0.5,-0.5,0
75,37.0,-0.5,-0.5,1,1.0,-0.5,-0.5,1.0,-0.5,-0.5,1,-0.5,-1.0,-0.5,-1.0,-0.5,1,-1.0,-0.5,1.0,1.0,-0.5,-0.5,-0.5,1.0,-0.5,-0.5,-0.5,-0.5,1.0,-0.5,-0.5,-0.5,1.0,1.0,1.0,-0.5,-0.5,-0.5,-0.5,-0.5,-0.5,1.0,1.0,-1,1.0,-0.5,-0.5,-0.5,1.0,1.0,-0.5,-0.5,-0.5,-0.5,1.0,-0.5,1.0,1.0,1.0,-0.5,-0.5,-0.5,-0.5,1,-0.5,-0.5,-0.5,-0.5,-0.5,-0.5,1.0,-0.5,1.0,-0.5,-0.5,1.0,-0.5,-0.5,-0.5,-0.5,1,-0.5,-0.5,-0.5,-0.5,0
76,38.0,-0.5,-0.5,-1,-1.0,-0.5,-0.5,-1.0,-0.5,-0.5,1,-0.5,-0.5,-0.5,-1.0,-0.5,-1,-1.0,-0.5,1.0,1.0,-0.5,-0.5,-0.5,-0.5,-1.0,-0.5,-0.5,-0.5,1.0,-1.0,-0.5,-0.5,-0.5,1.0,1.0,-0.5,-0.5,-0.5,-0.5,-0.5,-0.5,1.0,1.0,-1,-1.0,-1.0,-0.5,-0.5,-1.0,-1.0,-1.0,-0.5,-0.5,-0.5,1.0,-0.5,1.0,1.0,1.0,-0.5,-0.5,-0.5,-1.0,-1,-0.5,-0.5,-0.5,-0.5,-0.5,-0.5,-0.5,-0.5,-1.0,-0.5,-0.5,-0.5,-0.5,-0.5,-0.5,-0.5,1,-0.5,-0.5,-0.5,-0.5,0
77,38.0,-0.5,-0.5,-1,-1.0,-0.5,-0.5,-1.0,-0.5,-0.5,1,-0.5,-0.5,-0.5,-1.0,-0.5,-1,-1.0,-0.5,1.0,1.0,-0.5,-0.5,-0.5,-0.5,-1.0,-0.5,-0.5,-0.5,1.0,-1.0,-0.5,-0.5,-0.5,1.0,1.0,-0.5,-0.5,-0.5,-0.5,-0.5,-0.5,1.0,1.0,-1,-1.0,-1.0,-0.5,-0.5,-1.0,-1.0,-1.0,-0.5,-0.5,-0.5,1.0,-0.5,1.0,1.0,1.0,-0.5,-0.5,-0.5,-1.0,-1,-0.5,-0.5,-0.5,-0.5,-0.5,-0.5,-0.5,-0.5,-1.0,-0.5,-0.5,-0.5,-0.5,-0.5,-0.5,-0.5,1,-0.5,-0.5,-0.5,-0.5,0
78,39.0,-0.5,-0.5,-1,-1.0,-0.5,-0.5,-1.0,1.0,-0.5,1,-0.5,-0.5,-0.5,-0.5,-0.5,-1,-1.0,-0.5,1.0,1.0,-0.5,-0.5,-0.5,-0.5,-1.0,1.0,-0.5,-1.0,1.0,-1.0,-0.5,-0.5,-1.0,1.0,1.0,-1.0,-1.0,-1.0,-1.0,-1.0,-1.0,-0.5,-0.5,-1,-0.5,-1.0,-0.5,-0.5,1.0,-0.5,-0.5,-0.5,-0.5,-0.5,1.0,-0.5,1.0,1.0,1.0,-0.5,-1.0,-0.5,-0.5,-1,-0.5,-0.5,-0.5,-0.5,-0.5,-0.5,-0.5,-0.5,-1.0,-0.5,-0.5,-0.5,-0.5,-0.5,1.0,-0.5,1,-0.5,-0.5,-0.5,-1.0,0
79,39.0,-0.5,-0.5,-1,-1.0,-0.5,-0.5,-1.0,1.0,-0.5,1,-0.5,-0.5,-0.5,-0.5,-0.5,-1,-1.0,-0.5,1.0,1.0,-0.5,-0.5,-0.5,-0.5,-1.0,1.0,-0.5,-1.0,1.0,-1.0,-0.5,-0.5,-1.0,1.0,1.0,-1.0,-1.0,-1.0,-1.0,-1.0,-1.0,-0.5,-0.5,-1,-0.5,-1.0,-0.5,-0.5,1.0,-0.5,-0.5,-0.5,-0.5,-0.5,1.0,-0.5,1.0,1.0,1.0,-0.5,-1.0,-0.5,-0.5,-1,-0.5,-0.5,-0.5,-0.5,-0.5,-0.5,-0.5,-0.5,-1.0,-0.5,-0.5,-0.5,-0.5,-0.5,1.0,-0.5,1,-0.5,-0.5,-0.5,-1.0,0
80,40.0,-0.5,-0.5,-1,-1.0,-0.5,-0.5,-0.5,-0.5,-0.5,1,-0.5,-0.5,-0.5,-1.0,-0.5,-1,-1.0,-0.5,1.0,1.0,-0.5,-0.5,-0.5,-0.5,-1.0,-0.5,-0.5,-1.0,1.0,-1.0,-1.0,-1.0,-1.0,1.0,-1.0,-1.0,-1.0,-1.0,-1.0,-1.0,-1.0,-1.0,1.0,-1,1.0,-0.5,-1.0,-0.5,-0.5,1.0,1.0,-0.5,-0.5,1.0,1.0,-0.5,1.0,1.0,1.0,-0.5,-1.0,-0.5,-0.5,1,-0.5,-0.5,-0.5,-0.5,-0.5,-0.5,-0.5,-0.5,-1.0,-0.5,-0.5,-0.5,-0.5,-0.5,1.0,-0.5,1,-0.5,-0.5,-0.5,-0.5,0
81,40.0,-0.5,-0.5,-1,-1.0,-0.5,-0.5,-0.5,-0.5,-0.5,1,-0.5,-0.5,-0.5,-1.0,-0.5,-1,-1.0,-0.5,1.0,1.0,-0.5,-0.5,-0.5,-0.5,-1.0,-0.5,-0.5,-1.0,1.0,-1.0,-1.0,-1.0,-1.0,1.0,-1.0,-1.0,-1.0,-1.0,-1.0,-1.0,-1.0,-1.0,1.0,-1,1.0,-0.5,-1.0,-0.5,-0.5,1.0,1.0,-0.5,-0.5,1.0,1.0,-0.5,1.0,1.0,1.0,-0.5,-1.0,-0.5,-0.5,1,-0.5,-0.5,-0.5,-0.5,-0.5,-0.5,-0.5,-0.5,-1.0,-0.5,-0.5,-0.5,-0.5,-0.5,1.0,-0.5,1,-0.5,-0.5,-0.5,-0.5,0
82,41.0,-0.5,-0.5,-1,-1.0,-0.5,-0.5,-0.5,-0.5,-0.5,1,-0.5,-0.5,-0.5,-1.0,-0.5,-1,-1.0,-0.5,1.0,1.0,-0.5,-0.5,-0.5,-0.5,-0.5,-0.5,-0.5,-1.0,-0.5,-1.0,-1.0,-1.0,-1.0,1.0,-1.0,-1.0,-1.0,-1.0,-1.0,-1.0,-1.0,-1.0,1.0,-1,-0.5,-0.5,-1.0,-0.5,-0.5,-0.5,-1.0,-0.5,-0.5,-0.5,1.0,-0.5,1.0,1.0,1.0,-0.5,-0.5,-0.5,-0.5,1,-0.5,-0.5,1.0,-0.5,-0.5,-0.5,-0.5,-0.5,-1.0,-0.5,-0.5,-0.5,-0.5,-0.5,1.0,-0.5,1,-0.5,-0.5,-0.5,-0.5,0
83,41.0,-0.5,-0.5,-1,-1.0,-0.5,-0.5,-0.5,-0.5,-0.5,1,-0.5,-0.5,-0.5,-1.0,-0.5,-1,-1.0,-0.5,1.0,1.0,-0.5,-0.5,-0.5,-0.5,-0.5,-0.5,-0.5,-1.0,-0.5,-1.0,-1.0,-1.0,-1.0,1.0,-1.0,-1.0,-1.0,-1.0,-1.0,-1.0,-1.0,-1.0,1.0,-1,-0.5,-0.5,-1.0,-0.5,-0.5,-0.5,-1.0,-0.5,-0.5,-0.5,1.0,-0.5,1.0,1.0,1.0,-0.5,-0.5,-0.5,-0.5,1,-0.5,-0.5,1.0,-0.5,-0.5,-0.5,-0.5,-0.5,-1.0,-0.5,-0.5,-0.5,-0.5,-0.5,1.0,-0.5,1,-0.5,-0.5,-0.5,-0.5,0
84,42.0,-0.5,-0.5,-1,-1.0,-0.5,-0.5,-0.5,-0.5,-0.5,1,-0.5,-0.5,-0.5,-1.0,-0.5,-1,-1.0,-0.5,1.0,1.0,-0.5,-0.5,-0.5,-1.0,-0.5,-0.5,-0.5,-1.0,-1.0,-1.0,-1.0,-1.0,-1.0,1.0,-1.0,-1.0,-1.0,-1.0,-1.0,-1.0,-1.0,-1.0,1.0,-1,-1.0,-0.5,1.0,-0.5,-0.5,-1.0,1.0,-0.5,-0.5,1.0,1.0,-0.5,1.0,1.0,1.0,-0.5,-1.0,-0.5,-0.5,1,-0.5,-0.5,-0.5,-0.5,-0.5,-0.5,-0.5,-0.5,-1.0,-0.5,-0.5,-0.5,-0.5,-0.5,1.0,-0.5,1,-0.5,-0.5,-0.5,-0.5,0
85,42.0,-0.5,-0.5,-1,-1.0,-0.5,-0.5,-0.5,-0.5,-0.5,1,-0.5,-0.5,-0.5,-1.0,-0.5,-1,-1.0,-0.5,1.0,1.0,-0.5,-0.5,-0.5,-1.0,-0.5,-0.5,-0.5,-1.0,-1.0,-1.0,-1.0,-1.0,-1.0,1.0,-1.0,-1.0,-1.0,-1.0,-1.0,-1.0,-1.0,-1.0,1.0,-1,-1.0,-0.5,1.0,-0.5,-0.5,-1.0,1.0,-0.5,-0.5,1.0,1.0,-0.5,1.0,1.0,1.0,-0.5,-1.0,-0.5,-0.5,1,-0.5,-0.5,-0.5,-0.5,-0.5,-0.5,-0.5,-0.5,-1.0,-0.5,-0.5,-0.5,-0.5,-0.5,1.0,-0.5,1,-0.5,-0.5,-0.5,-0.5,0
86,43.0,-0.5,-0.5,-1,-1.0,-0.5,-0.5,-0.5,-0.5,-0.5,1,-0.5,-0.5,-0.5,-0.5,-0.5,-1,-1.0,-0.5,1.0,1.0,-0.5,-0.5,-0.5,-1.0,-0.5,-0.5,-0.5,-1.0,-1.0,-1.0,-1.0,-1.0,-1.0,-1.0,-1.0,-1.0,-1.0,-1.0,-1.0,-1.0,-1.0,-1.0,-0.5,-1,-0.5,-1.0,-0.5,-0.5,-0.5,-0.5,-0.5,-0.5,-0.5,1.0,1.0,-0.5,1.0,1.0,1.0,1.0,-1.0,-0.5,-0.5,-1,-1.0,-0.5,-0.5,-0.5,-0.5,-0.5,-0.5,-0.5,-0.5,-0.5,-0.5,-0.5,-0.5,-0.5,1.0,-0.5,-1,-0.5,-0.5,-1.0,-0.5,0
87,43.0,-0.5,-0.5,-1,-1.0,-0.5,-0.5,-0.5,-0.5,-0.5,1,-0.5,-0.5,-0.5,-0.5,-0.5,-1,-1.0,-0.5,1.0,1.0,-0.5,-0.5,-0.5,-1.0,-0.5,-0.5,-0.5,-1.0,-1.0,-1.0,-1.0,-1.0,-1.0,-1.0,-1.0,-1.0,-1.0,-1.0,-1.0,-1.0,-1.0,-1.0,-0.5,-1,-0.5,-1.0,-0.5,-0.5,-0.5,-0.5,-0.5,-0.5,-0.5,1.0,1.0,-0.5,1.0,1.0,1.0,1.0,-1.0,-0.5,-0.5,-1,-1.0,-0.5,-0.5,-0.5,-0.5,-0.5,-0.5,-0.5,-0.5,-0.5,-0.5,-0.5,-0.5,-0.5,1.0,-0.5,-1,-0.5,-0.5,-1.0,-0.5,0
88,44.0,-0.5,-0.5,-1,-1.0,-0.5,-0.5,-0.5,-0.5,-0.5,1,-0.5,-0.5,-0.5,-0.5,-0.5,-1,-1.0,-0.5,1.0,1.0,-0.5,-0.5,-0.5,-1.0,-0.5,-0.5,-0.5,-1.0,-1.0,-1.0,-1.0,-1.0,-1.0,-1.0,-1.0,-1.0,-1.0,-1.0,-1.0,-1.0,-1.0,-1.0,-0.5,-1,-0.5,-0.5,1.0,-0.5,-0.5,-0.5,-0.5,1.0,-0.5,1.0,1.0,-0.5,1.0,1.0,1.0,1.0,-1.0,-0.5,-0.5,1,-0.5,-0.5,1.0,-0.5,-1.0,-0.5,-1.0,-1.0,-0.5,-0.5,-0.5,-0.5,-0.5,-0.5,-0.5,-0.5,-1,-0.5,-0.5,-1.0,-0.5,0
89,44.0,-0.5,-0.5,-1,-1.0,-0.5,-0.5,-0.5,-0.5,-0.5,1,-0.5,-0.5,-0.5,-0.5,-0.5,-1,-1.0,-0.5,1.0,1.0,-0.5,-0.5,-0.5,-1.0,-0.5,-0.5,-0.5,-1.0,-1.0,-1.0,-1.0,-1.0,-1.0,-1.0,-1.0,-1.0,-1.0,-1.0,-1.0,-1.0,-1.0,-1.0,-0.5,-1,-0.5,-0.5,1.0,-0.5,-0.5,-0.5,-0.5,1.0,-0.5,1.0,1.0,-0.5,1.0,1.0,1.0,1.0,-1.0,-0.5,-0.5,1,-0.5,-0.5,1.0,-0.5,-1.0,-0.5,-1.0,-1.0,-0.5,-0.5,-0.5,-0.5,-0.5,-0.5,-0.5,-0.5,-1,-0.5,-0.5,-1.0,-0.5,0
90,45.0,-0.5,-0.5,-1,-1.0,-0.5,-0.5,-0.5,-0.5,-0.5,-1,-0.5,-0.5,-0.5,-0.5,-0.5,-1,-1.0,-0.5,1.0,1.0,-0.5,-0.5,-0.5,-1.0,-0.5,-0.5,-0.5,-1.0,-1.0,-1.0,-1.0,-1.0,-1.0,-1.0,-1.0,-1.0,-1.0,-1.0,-1.0,-1.0,-1.0,-1.0,-0.5,-1,-0.5,-1.0,-0.5,-0.5,-0.5,-0.5,-1.0,1.0,-0.5,1.0,1.0,-0.5,1.0,1.0,1.0,1.0,-1.0,-0.5,-0.5,-1,-1.0,-0.5,-0.5,-0.5,1.0,-0.5,-1.0,-1.0,-0.5,-0.5,-0.5,-0.5,-0.5,-0.5,-0.5,-0.5,-1,-0.5,-0.5,-0.5,-0.5,0
91,45.0,-0.5,-0.5,-1,-1.0,-0.5,-0.5,-0.5,-0.5,-0.5,-1,-0.5,-0.5,-0.5,-0.5,-0.5,-1,-1.0,-0.5,1.0,1.0,-0.5,-0.5,-0.5,-1.0,-0.5,-0.5,-0.5,-1.0,-1.0,-1.0,-1.0,-1.0,-1.0,-1.0,-1.0,-1.0,-1.0,-1.0,-1.0,-1.0,-1.0,-1.0,-0.5,-1,-0.5,-1.0,-0.5,-0.5,-0.5,-0.5,-1.0,1.0,-0.5,1.0,1.0,-0.5,1.0,1.0,1.0,1.0,-1.0,-0.5,-0.5,-1,-1.0,-0.5,-0.5,-0.5,1.0,-0.5,-1.0,-1.0,-0.5,-0.5,-0.5,-0.5,-0.5,-0.5,-0.5,-0.5,-1,-0.5,-0.5,-0.5,-0.5,0
92,46.0,-0.5,-0.5,-1,-1.0,-0.5,-0.5,-0.5,-0.5,-0.5,1,-0.5,-0.5,-0.5,-0.5,-0.5,-1,-1.0,-0.5,1.0,1.0,-0.5,-0.5,-0.5,-1.0,-0.5,-0.5,-0.5,-1.0,-1.0,-1.0,-1.0,-1.0,-1.0,-1.0,-1.0,-1.0,-1.0,-1.0,-1.0,-1.0,-1.0,-1.0,-0.5,-1,-0.5,-0.5,-0.5,-0.5,-0.5,-0.5,1.0,1.0,-0.5,1.0,1.0,-0.5,1.0,1.0,1.0,1.0,-1.0,-0.5,-0.5,1,-0.5,-0.5,-0.5,-0.5,-0.5,-1.0,-1.0,-0.5,-0.5,-0.5,-0.5,-0.5,-0.5,-0.5,-0.5,-0.5,-1,-0.5,-0.5,-0.5,-0.5,0
93,46.0,-0.5,-0.5,-1,-1.0,-0.5,-0.5,-0.5,-0.5,-0.5,1,-0.5,-0.5,-0.5,-0.5,-0.5,-1,-1.0,-0.5,1.0,1.0,-0.5,-0.5,-0.5,-1.0,-0.5,-0.5,-0.5,-1.0,-1.0,-1.0,-1.0,-1.0,-1.0,-1.0,-1.0,-1.0,-1.0,-1.0,-1.0,-1.0,-1.0,-1.0,-0.5,-1,-0.5,-0.5,-0.5,-0.5,-0.5,-0.5,1.0,1.0,-0.5,1.0,1.0,-0.5,1.0,1.0,1.0,1.0,-1.0,-0.5,-0.5,1,-0.5,-0.5,-0.5,-0.5,-0.5,-1.0,-1.0,-0.5,-0.5,-0.5,-0.5,-0.5,-0.5,-0.5,-0.5,-0.5,-1,-0.5,-0.5,-0.5,-0.5,0
94,47.0,-0.5,-0.5,-1,-1.0,-0.5,-0.5,-0.5,-0.5,-0.5,1,-0.5,-0.5,-0.5,-0.5,-0.5,-1,-1.0,-0.5,1.0,1.0,-0.5,-0.5,-0.5,-1.0,-0.5,-0.5,-0.5,-1.0,-1.0,-1.0,-1.0,-1.0,-1.0,-1.0,-1.0,-1.0,-1.0,-1.0,-1.0,-1.0,-1.0,-1.0,-0.5,-1,-0.5,-0.5,1.0,-0.5,-0.5,-0.5,-1.0,1.0,-0.5,1.0,1.0,-0.5,1.0,1.0,1.0,1.0,-1.0,-0.5,-0.5,1,-0.5,-0.5,-0.5,-0.5,-0.5,-1.0,-1.0,-0.5,-1.0,-0.5,-0.5,-0.5,-0.5,-0.5,-0.5,-0.5,-1,-0.5,-0.5,-0.5,-0.5,0
95,47.0,-0.5,-0.5,-1,-1.0,-0.5,-0.5,-0.5,-0.5,-0.5,1,-0.5,-0.5,-0.5,-0.5,-0.5,-1,-1.0,-0.5,1.0,1.0,-0.5,-0.5,-0.5,-1.0,-0.5,-0.5,-0.5,-1.0,-1.0,-1.0,-1.0,-1.0,-1.0,-1.0,-1.0,-1.0,-1.0,-1.0,-1.0,-1.0,-1.0,-1.0,-0.5,-1,-0.5,-0.5,1.0,-0.5,-0.5,-0.5,-1.0,1.0,-0.5,1.0,1.0,-0.5,1.0,1.0,1.0,1.0,-1.0,-0.5,-0.5,1,-0.5,-0.5,-0.5,-0.5,-0.5,-1.0,-1.0,-0.5,-1.0,-0.5,-0.5,-0.5,-0.5,-0.5,-0.5,-0.5,-1,-0.5,-0.5,-0.5,-0.5,0
96,48.0,-0.5,-0.5,-1,-1.0,-0.5,-0.5,-0.5,-0.5,-0.5,-1,-0.5,-0.5,-0.5,-0.5,-0.5,-1,-1.0,-0.5,1.0,1.0,-0.5,-0.5,-0.5,-1.0,-0.5,-0.5,-0.5,-0.5,-1.0,-1.0,-1.0,-1.0,-1.0,-1.0,-1.0,-1.0,-1.0,-1.0,-1.0,-1.0,-1.0,-1.0,-0.5,-1,-0.5,-0.5,-0.5,-0.5,-0.5,-0.5,-0.5,1.0,-0.5,1.0,1.0,-0.5,1.0,1.0,1.0,1.0,-1.0,-0.5,-0.5,1,-0.5,-0.5,-0.5,-0.5,-0.5,-1.0,-1.0,-0.5,-1.0,-0.5,-0.5,-0.5,-0.5,-0.5,-0.5,-0.5,-1,-0.5,-0.5,-0.5,-0.5,0
97,48.0,-0.5,-0.5,-1,-1.0,-0.5,-0.5,-0.5,-0.5,-0.5,-1,-0.5,-0.5,-0.5,-0.5,-0.5,-1,-1.0,-0.5,1.0,1.0,-0.5,-0.5,-0.5,-1.0,-0.5,-0.5,-0.5,-0.5,-1.0,-1.0,-1.0,-1.0,-1.0,-1.0,-1.0,-1.0,-1.0,-1.0,-1.0,-1.0,-1.0,-1.0,-0.5,-1,-0.5,-0.5,-0.5,-0.5,-0.5,-0.5,-0.5,1.0,-0.5,1.0,1.0,-0.5,1.0,1.0,1.0,1.0,-1.0,-0.5,-0.5,1,-0.5,-0.5,-0.5,-0.5,-0.5,-1.0,-1.0,-0.5,-1.0,-0.5,-0.5,-0.5,-0.5,-0.5,-0.5,-0.5,-1,-0.5,-0.5,-0.5,-0.5,0
98,49.0,-0.5,-0.5,-1,-1.0,-0.5,-0.5,-0.5,-0.5,-0.5,1,-0.5,-0.5,-0.5,-1.0,-0.5,-1,-1.0,-0.5,1.0,1.0,-0.5,-0.5,-0.5,-1.0,-0.5,-0.5,-0.5,-0.5,-1.0,-1.0,-1.0,-1.0,-1.0,-1.0,-1.0,-1.0,-1.0,-1.0,-1.0,-1.0,-1.0,-1.0,-0.5,-1,-0.5,1.0,-0.5,-0.5,-0.5,-0.5,1.0,1.0,-0.5,1.0,1.0,-0.5,1.0,1.0,1.0,1.0,-1.0,-0.5,-0.5,1,-0.5,-0.5,-0.5,-0.5,-0.5,-1.0,-1.0,-0.5,-1.0,-0.5,-0.5,-0.5,-0.5,-0.5,-0.5,-0.5,-1,-0.5,-0.5,-0.5,-0.5,0
99,49.0,-0.5,-0.5,-1,-1.0,-0.5,-0.5,-0.5,-0.5,-0.5,1,-0.5,-0.5,-0.5,-1.0,-0.5,-1,-1.0,-0.5,1.0,1.0,-0.5,-0.5,-0.5,-1.0,-0.5,-0.5,-0.5,-0.5,-1.0,-1.0,-1.0,-1.0,-1.0,-1.0,-1.0,-1.0,-1.0,-1.0,-1.0,-1.0,-1.0,-1.0,-0.5,-1,-0.5,1.0,-0.5,-0.5,-0.5,-0.5,1.0,1.0,-0.5,1.0,1.0,-0.5,1.0,1.0,1.0,1.0,-1.0,-0.5,-0.5,1,-0.5,-0.5,-0.5,-0.5,-0.5,-1.0,-1.0,-0.5,-1.0,-0.5,-0.5,-0.5,-0.5,-0.5,-0.5,-0.5,-1,-0.5,-0.5,-0.5,-0.5,0
100,50.0,-0.5,-0.5,-1,-1.0,-0.5,-0.5,-0.5,-0.5,1.0,-1,-0.5,-0.5,-0.5,-1.0,-0.5,-1,-1.0,-0.5,1.0,1.0,-0.5,-0.5,-0.5,-1.0,-0.5,-0.5,-0.5,-0.5,-1.0,-1.0,-1.0,-1.0,-1.0,-1.0,-1.0,-1.0,-1.0,-1.0,-1.0,-1.0,-1.0,-1.0,-0.5,-1,-1.0,-0.5,1.0,-0.5,-0.5,-1.0,1.0,1.0,-0.5,1.0,1.0,-0.5,1.0,1.0,1.0,1.0,-0.5,-0.5,-0.5,-1,-0.5,-0.5,-0.5,-0.5,-0.5,-1.0,-1.0,-0.5,-1.0,-0.5,-0.5,-0.5,-0.5,-0.5,-0.5,-0.5,-1,-0.5,-0.5,-0.5,-0.5,0
101,50.0,-0.5,-0.5,-1,-1.0,-0.5,-0.5,-0.5,-0.5,1.0,-1,-0.5,-0.5,-0.5,-1.0,-0.5,-1,-1.0,-0.5,1.0,1.0,-0.5,-0.5,-0.5,-1.0,-0.5,-0.5,-0.5,-0.5,-1.0,-1.0,-1.0,-1.0,-1.0,-1.0,-1.0,-1.0,-1.0,-1.0,-1.0,-1.0,-1.0,-1.0,-0.5,-1,-1.0,-0.5,1.0,-0.5,-0.5,-1.0,1.0,1.0,-0.5,1.0,1.0,-0.5,1.0,1.0,1.0,1.0,-0.5,-0.5,-0.5,-1,-0.5,-0.5,-0.5,-0.5,-0.5,-1.0,-1.0,-0.5,-1.0,-0.5,-0.5,-0.5,-0.5,-0.5,-0.5,-0.5,-1,-0.5,-0.5,-0.5,-0.5,0
102,51.0,-0.5,-0.5,-1,-1.0,-0.5,-0.5,-0.5,1.0,1.0,1,-0.5,-0.5,-0.5,-0.5,-0.5,-1,-1.0,-0.5,1.0,1.0,-0.5,-0.5,-0.5,-1.0,-0.5,1.0,-0.5,-0.5,-1.0,-1.0,-1.0,-1.0,-1.0,-1.0,-1.0,-1.0,-1.0,-1.0,-1.0,-1.0,-1.0,-1.0,-0.5,-1,-0.5,-0.5,1.0,-0.5,-0.5,-0.5,1.0,1.0,-0.5,1.0,1.0,-0.5,1.0,1.0,1.0,1.0,-0.5,-0.5,-0.5,-1,-0.5,-0.5,-0.5,-0.5,-0.5,-1.0,-1.0,-0.5,-1.0,-0.5,-0.5,-0.5,-0.5,-0.5,-0.5,-0.5,-1,-0.5,-0.5,-0.5,-0.5,0
103,51.0,-0.5,-0.5,-1,-1.0,-0.5,-0.5,-0.5,1.0,1.0,1,-0.5,-0.5,-0.5,-0.5,-0.5,-1,-1.0,-0.5,1.0,1.0,-0.5,-0.5,-0.5,-1.0,-0.5,1.0,-0.5,-0.5,-1.0,-1.0,-1.0,-1.0,-1.0,-1.0,-1.0,-1.0,-1.0,-1.0,-1.0,-1.0,-1.0,-1.0,-0.5,-1,-0.5,-0.5,1.0,-0.5,-0.5,-0.5,1.0,1.0,-0.5,1.0,1.0,-0.5,1.0,1.0,1.0,1.0,-0.5,-0.5,-0.5,-1,-0.5,-0.5,-0.5,-0.5,-0.5,-1.0,-1.0,-0.5,-1.0,-0.5,-0.5,-0.5,-0.5,-0.5,-0.5,-0.5,-1,-0.5,-0.5,-0.5,-0.5,0
104,52.0,-0.5,-0.5,-1,-1.0,-0.5,-0.5,-0.5,1.0,1.0,-1,-0.5,-0.5,-0.5,-0.5,-0.5,-1,-1.0,-0.5,1.0,1.0,-0.5,-0.5,-0.5,-1.0,-0.5,1.0,-0.5,-0.5,-1.0,-1.0,-1.0,-1.0,-1.0,-1.0,-1.0,-1.0,-1.0,-1.0,-1.0,-1.0,-1.0,-1.0,-0.5,-1,-0.5,-0.5,1.0,-0.5,-0.5,-0.5,1.0,1.0,-0.5,1.0,1.0,-0.5,1.0,1.0,1.0,1.0,-0.5,-0.5,-0.5,-1,-0.5,-0.5,-0.5,-0.5,-0.5,-1.0,-1.0,-0.5,-1.0,-0.5,-0.5,-0.5,-0.5,-0.5,-0.5,-0.5,-1,-0.5,-0.5,-0.5,-0.5,0
105,52.0,-0.5,-0.5,-1,-1.0,-0.5,-0.5,-0.5,1.0,1.0,-1,-0.5,-0.5,-0.5,-0.5,-0.5,-1,-1.0,-0.5,1.0,1.0,-0.5,-0.5,-0.5,-1.0,-0.5,1.0,-0.5,-0.5,-1.0,-1.0,-1.0,-1.0,-1.0,-1.0,-1.0,-1.0,-1.0,-1.0,-1.0,-1.0,-1.0,-1.0,-0.5,-1,-0.5,-0.5,1.0,-0.5,-0.5,-0.5,1.0,1.0,-0.5,1.0,1.0,-0.5,1.0,1.0,1.0,1.0,-0.5,-0.5,-0.5,-1,-0.5,-0.5,-0.5,-0.5,-0.5,-1.0,-1.0,-0.5,-1.0,-0.5,-0.5,-0.5,-0.5,-0.5,-0.5,-0.5,-1,-0.5,-0.5,-0.5,-0.5,0
106,53.0,-0.5,-0.5,-1,-1.0,-0.5,-0.5,-0.5,1.0,1.0,-1,-0.5,-0.5,-0.5,-0.5,-0.5,-1,-1.0,-0.5,1.0,1.0,-0.5,-0.5,-0.5,-1.0,-0.5,1.0,-0.5,-0.5,-1.0,-1.0,-1.0,-1.0,-1.0,-1.0,-1.0,-1.0,-1.0,-1.0,-1.0,-1.0,-1.0,-1.0,-0.5,-1,-0.5,-0.5,1.0,-0.5,-0.5,-0.5,1.0,1.0,-0.5,-0.5,1.0,-0.5,1.0,1.0,1.0,-0.5,-0.5,-0.5,-0.5,-1,-0.5,-0.5,-1.0,-0.5,-0.5,-1.0,-1.0,-0.5,-1.0,-0.5,-0.5,-0.5,-0.5,-0.5,-0.5,-0.5,-1,-0.5,-0.5,-0.5,-0.5,0
107,53.0,-0.5,-0.5,-1,-1.0,-0.5,-0.5,-0.5,1.0,1.0,-1,-0.5,-0.5,-0.5,-0.5,-0.5,-1,-1.0,-0.5,1.0,1.0,-0.5,-0.5,-0.5,-1.0,-0.5,1.0,-0.5,-0.5,-1.0,-1.0,-1.0,-1.0,-1.0,-1.0,-1.0,-1.0,-1.0,-1.0,-1.0,-1.0,-1.0,-1.0,-0.5,-1,-0.5,-0.5,1.0,-0.5,-0.5,-0.5,1.0,1.0,-0.5,-0.5,1.0,-0.5,1.0,1.0,1.0,-0.5,-0.5,-0.5,-0.5,-1,-0.5,-0.5,-1.0,-0.5,-0.5,-1.0,-1.0,-0.5,-1.0,-0.5,-0.5,-0.5,-0.5,-0.5,-0.5,-0.5,-1,-0.5,-0.5,-0.5,-0.5,0
108,54.0,-0.5,-0.5,-1,-1.0,-0.5,-0.5,-0.5,1.0,1.0,-1,-0.5,-0.5,-0.5,-0.5,-0.5,-1,-1.0,-0.5,1.0,1.0,-0.5,-0.5,-0.5,-1.0,-0.5,1.0,-0.5,-0.5,-1.0,-1.0,-1.0,-1.0,-1.0,-1.0,-1.0,-1.0,-1.0,-1.0,-1.0,-1.0,-1.0,-1.0,-0.5,-1,-0.5,-0.5,-0.5,-0.5,-0.5,-0.5,1.0,1.0,-0.5,-0.5,1.0,-0.5,1.0,1.0,1.0,-0.5,-0.5,-0.5,-0.5,-1,-0.5,-0.5,-0.5,-0.5,-0.5,-0.5,-1.0,-0.5,-1.0,-0.5,-0.5,-0.5,-0.5,-0.5,-0.5,-0.5,-1,-0.5,-0.5,-0.5,-0.5,0
109,54.0,-0.5,-0.5,-1,-1.0,-0.5,-0.5,-0.5,1.0,1.0,-1,-0.5,-0.5,-0.5,-0.5,-0.5,-1,-1.0,-0.5,1.0,1.0,-0.5,-0.5,-0.5,-1.0,-0.5,1.0,-0.5,-0.5,-1.0,-1.0,-1.0,-1.0,-1.0,-1.0,-1.0,-1.0,-1.0,-1.0,-1.0,-1.0,-1.0,-1.0,-0.5,-1,-0.5,-0.5,-0.5,-0.5,-0.5,-0.5,1.0,1.0,-0.5,-0.5,1.0,-0.5,1.0,1.0,1.0,-0.5,-0.5,-0.5,-0.5,-1,-0.5,-0.5,-0.5,-0.5,-0.5,-0.5,-1.0,-0.5,-1.0,-0.5,-0.5,-0.5,-0.5,-0.5,-0.5,-0.5,-1,-0.5,-0.5,-0.5,-0.5,0
110,55.0,-0.5,-0.5,-1,-1.0,-0.5,-0.5,-0.5,1.0,1.0,-1,-0.5,-0.5,-0.5,-1.0,-0.5,-1,1.0,-0.5,1.0,1.0,-0.5,-0.5,-0.5,-1.0,-0.5,1.0,-0.5,-0.5,-1.0,-1.0,-1.0,-1.0,-1.0,-1.0,-1.0,-0.5,-1.0,-1.0,-1.0,-1.0,-1.0,-1.0,-0.5,-1,1.0,-0.5,-0.5,-0.5,-0.5,1.0,-0.5,1.0,-0.5,-0.5,1.0,-0.5,1.0,1.0,1.0,-0.5,-0.5,-0.5,-0.5,1,1.0,-0.5,-0.5,-0.5,-0.5,-0.5,-1.0,-0.5,-1.0,-0.5,-0.5,-0.5,-0.5,-0.5,-0.5,-0.5,-1,-0.5,-0.5,-0.5,-0.5,0
111,55.0,-0.5,-0.5,-1,-1.0,-0.5,-0.5,-0.5,1.0,1.0,-1,-0.5,-0.5,-0.5,-1.0,-0.5,-1,1.0,-0.5,1.0,1.0,-0.5,-0.5,-0.5,-1.0,-0.5,1.0,-0.5,-0.5,-1.0,-1.0,-1.0,-1.0,-1.0,-1.0,-1.0,-0.5,-1.0,-1.0,-1.0,-1.0,-1.0,-1.0,-0.5,-1,1.0,-0.5,-0.5,-0.5,-0.5,1.0,-0.5,1.0,-0.5,-0.5,1.0,-0.5,1.0,1.0,1.0,-0.5,-0.5,-0.5,-0.5,1,1.0,-0.5,-0.5,-0.5,-0.5,-0.5,-1.0,-0.5,-1.0,-0.5,-0.5,-0.5,-0.5,-0.5,-0.5,-0.5,-1,-0.5,-0.5,-0.5,-0.5,0
112,56.0,-0.5,-0.5,-1,-1.0,-0.5,-0.5,-0.5,1.0,1.0,-1,-0.5,-0.5,-0.5,-1.0,-0.5,-1,1.0,-0.5,1.0,1.0,-0.5,-0.5,-0.5,-1.0,-0.5,1.0,-0.5,-0.5,-1.0,-1.0,-1.0,-1.0,-1.0,-1.0,-1.0,-0.5,-1.0,-1.0,-1.0,-1.0,-1.0,-1.0,-0.5,-1,-0.5,-0.5,-0.5,-0.5,-0.5,-0.5,-1.0,1.0,-0.5,-0.5,1.0,-0.5,1.0,1.0,1.0,-0.5,-0.5,-0.5,-0.5,1,-0.5,-0.5,-0.5,-0.5,-0.5,-0.5,-1.0,-0.5,-1.0,-0.5,-0.5,-0.5,-0.5,-0.5,-0.5,-0.5,-1,-0.5,-0.5,-0.5,-0.5,0
113,56.0,-0.5,-0.5,-1,-1.0,-0.5,-0.5,-0.5,1.0,1.0,-1,-0.5,-0.5,-0.5,-1.0,-0.5,-1,1.0,-0.5,1.0,1.0,-0.5,-0.5,-0.5,-1.0,-0.5,1.0,-0.5,-0.5,-1.0,-1.0,-1.0,-1.0,-1.0,-1.0,-1.0,-0.5,-1.0,-1.0,-1.0,-1.0,-1.0,-1.0,-0.5,-1,-0.5,-0.5,-0.5,-0.5,-0.5,-0.5,-1.0,1.0,-0.5,-0.5,1.0,-0.5,1.0,1.0,1.0,-0.5,-0.5,-0.5,-0.5,1,-0.5,-0.5,-0.5,-0.5,-0.5,-0.5,-1.0,-0.5,-1.0,-0.5,-0.5,-0.5,-0.5,-0.5,-0.5,-0.5,-1,-0.5,-0.5,-0.5,-0.5,0
114,57.0,-0.5,-0.5,-1,-1.0,-0.5,-0.5,-0.5,1.0,1.0,-1,-0.5,-0.5,-0.5,-1.0,-0.5,-1,1.0,-0.5,1.0,1.0,-0.5,-0.5,-0.5,-1.0,-0.5,1.0,-0.5,-0.5,-1.0,-1.0,-1.0,-1.0,-1.0,-1.0,-1.0,-0.5,-1.0,-1.0,-1.0,-1.0,-1.0,-1.0,-0.5,-1,-0.5,1.0,-0.5,-0.5,-0.5,-0.5,-0.5,1.0,-0.5,-0.5,1.0,-0.5,1.0,1.0,1.0,-0.5,-0.5,-0.5,-0.5,1,-0.5,-0.5,-0.5,-0.5,-0.5,-0.5,-1.0,-0.5,-1.0,-0.5,-0.5,-0.5,-0.5,-0.5,-0.5,-0.5,-1,-0.5,-0.5,-0.5,-0.5,0
115,57.0,-0.5,-0.5,-1,-1.0,-0.5,-0.5,-0.5,1.0,1.0,-1,-0.5,-0.5,-0.5,-1.0,-0.5,-1,1.0,-0.5,1.0,1.0,-0.5,-0.5,-0.5,-1.0,-0.5,1.0,-0.5,-0.5,-1.0,-1.0,-1.0,-1.0,-1.0,-1.0,-1.0,-0.5,-1.0,-1.0,-1.0,-1.0,-1.0,-1.0,-0.5,-1,-0.5,1.0,-0.5,-0.5,-0.5,-0.5,-0.5,1.0,-0.5,-0.5,1.0,-0.5,1.0,1.0,1.0,-0.5,-0.5,-0.5,-0.5,1,-0.5,-0.5,-0.5,-0.5,-0.5,-0.5,-1.0,-0.5,-1.0,-0.5,-0.5,-0.5,-0.5,-0.5,-0.5,-0.5,-1,-0.5,-0.5,-0.5,-0.5,0
116,58.0,-0.5,-0.5,-1,-1.0,-0.5,-0.5,-0.5,1.0,1.0,-1,-0.5,-0.5,-0.5,-1.0,-0.5,1,1.0,-0.5,1.0,1.0,-0.5,-0.5,-0.5,-0.5,1.0,1.0,-0.5,-0.5,-1.0,-1.0,-1.0,-1.0,-1.0,-1.0,-1.0,-0.5,-1.0,-1.0,-1.0,-1.0,-1.0,-1.0,-0.5,-1,-1.0,-1.0,-0.5,-0.5,-0.5,-1.0,-0.5,1.0,-0.5,-0.5,1.0,-0.5,1.0,1.0,1.0,-0.5,-0.5,-0.5,-0.5,-1,-1.0,-0.5,-0.5,-0.5,-0.5,-0.5,-1.0,-0.5,-1.0,-0.5,-0.5,-0.5,-0.5,-0.5,-0.5,-0.5,-1,-0.5,-0.5,-0.5,-1.0,0
117,58.0,-0.5,-0.5,-1,-1.0,-0.5,-0.5,-0.5,1.0,1.0,-1,-0.5,-0.5,-0.5,-1.0,-0.5,1,1.0,-0.5,1.0,1.0,-0.5,-0.5,-0.5,-0.5,1.0,1.0,-0.5,-0.5,-1.0,-1.0,-1.0,-1.0,-1.0,-1.0,-1.0,-0.5,-1.0,-1.0,-1.0,-1.0,-1.0,-1.0,-0.5,-1,-1.0,-1.0,-0.5,-0.5,-0.5,-1.0,-0.5,1.0,-0.5,-0.5,1.0,-0.5,1.0,1.0,1.0,-0.5,-0.5,-0.5,-0.5,-1,-1.0,-0.5,-0.5,-0.5,-0.5,-0.5,-1.0,-0.5,-1.0,-0.5,-0.5,-0.5,-0.5,-0.5,-0.5,-0.5,-1,-0.5,-0.5,-0.5,-1.0,0
118,59.0,-0.5,-0.5,-1,-1.0,-0.5,-0.5,-0.5,1.0,1.0,1,-0.5,1.0,-0.5,1.0,-0.5,1,1.0,-0.5,1.0,1.0,-0.5,-0.5,-0.5,-0.5,1.0,1.0,-0.5,1.0,-1.0,-0.5,-1.0,-1.0,-1.0,-1.0,-1.0,-0.5,-1.0,-1.0,-1.0,-1.0,-1.0,-1.0,-0.5,-1,1.0,1.0,-0.5,-0.5,-0.5,1.0,-0.5,1.0,-0.5,-0.5,1.0,-0.5,1.0,1.0,1.0,-0.5,-0.5,-0.5,-0.5,1,1.0,-0.5,-0.5,-0.5,-0.5,-0.5,-1.0,-0.5,-1.0,-0.5,-0.5,-0.5,-0.5,-0.5,-0.5,-0.5,-1,-0.5,-0.5,-0.5,-0.5,0
119,59.0,-0.5,-0.5,-1,-1.0,-0.5,-0.5,-0.5,1.0,1.0,1,-0.5,1.0,-0.5,1.0,-0.5,1,1.0,-0.5,1.0,1.0,-0.5,-0.5,-0.5,-0.5,1.0,1.0,-0.5,1.0,-1.0,-0.5,-1.0,-1.0,-1.0,-1.0,-1.0,-0.5,-1.0,-1.0,-1.0,-1.0,-1.0,-1.0,-0.5,-1,1.0,1.0,-0.5,-0.5,-0.5,1.0,-0.5,1.0,-0.5,-0.5,1.0,-0.5,1.0,1.0,1.0,-0.5,-0.5,-0.5,-0.5,1,1.0,-0.5,-0.5,-0.5,-0.5,-0.5,-1.0,-0.5,-1.0,-0.5,-0.5,-0.5,-0.5,-0.5,-0.5,-0.5,-1,-0.5,-0.5,-0.5,-0.5,0
120,60.0,-0.5,-0.5,-1,-1.0,-0.5,-0.5,-0.5,1.0,1.0,1,-0.5,1.0,-0.5,-0.5,-0.5,1,1.0,-0.5,1.0,1.0,-0.5,-0.5,-0.5,-0.5,1.0,1.0,-0.5,1.0,-1.0,-0.5,-1.0,-1.0,-0.5,-1.0,-1.0,-0.5,-0.5,-1.0,-1.0,-1.0,-1.0,-1.0,-0.5,-1,-0.5,1.0,-0.5,-0.5,-0.5,-0.5,-0.5,1.0,-0.5,-0.5,1.0,-0.5,1.0,1.0,1.0,-0.5,-0.5,-0.5,1.0,1,-0.5,-0.5,-0.5,-0.5,-0.5,-0.5,-0.5,-0.5,1.0,-0.5,-0.5,1.0,-0.5,-0.5,-0.5,-0.5,-1,-0.5,-0.5,-0.5,-0.5,0
121,60.0,-0.5,-0.5,-1,-1.0,-0.5,-0.5,-0.5,1.0,1.0,1,-0.5,1.0,-0.5,-0.5,-0.5,1,1.0,-0.5,1.0,1.0,-0.5,-0.5,-0.5,-0.5,1.0,1.0,-0.5,1.0,-1.0,-0.5,-1.0,-1.0,-0.5,-1.0,-1.0,-0.5,-0.5,-1.0,-1.0,-1.0,-1.0,-1.0,-0.5,-1,-0.5,1.0,-0.5,-0.5,-0.5,-0.5,-0.5,1.0,-0.5,-0.5,1.0,-0.5,1.0,1.0,1.0,-0.5,-0.5,-0.5,1.0,1,-0.5,-0.5,-0.5,-0.5,-0.5,-0.5,-0.5,-0.5,1.0,-0.5,-0.5,1.0,-0.5,-0.5,-0.5,-0.5,-1,-0.5,-0.5,-0.5,-0.5,0
122,61.0,-0.5,-0.5,-1,-1.0,-0.5,-0.5,-0.5,1.0,1.0,1,-0.5,-0.5,-0.5,-0.5,-0.5,1,1.0,-0.5,1.0,1.0,-0.5,-0.5,-0.5,-0.5,-0.5,1.0,-0.5,1.0,-1.0,1.0,-1.0,-1.0,-0.5,-1.0,-1.0,-0.5,1.0,-1.0,-1.0,-1.0,-1.0,-1.0,-0.5,-1,-0.5,-0.5,-1.0,-0.5,-0.5,-0.5,-0.5,1.0,-0.5,1.0,1.0,-0.5,1.0,1.0,1.0,1.0,-0.5,-0.5,-0.5,1,-0.5,-0.5,-0.5,-0.5,-0.5,-0.5,-0.5,-0.5,1.0,-0.5,-0.5,1.0,-0.5,-0.5,-0.5,-0.5,-1,-0.5,-0.5,-0.5,-0.5,0
123,61.0,-0.5,-0.5,-1,-1.0,-0.5,-0.5,-0.5,1.0,1.0,1,-0.5,-0.5,-0.5,-0.5,-0.5,1,1.0,-0.5,1.0,1.0,-0.5,-0.5,-0.5,-0.5,-0.5,1.0,-0.5,1.0,-1.0,1.0,-1.0,-1.0,-0.5,-1.0,-1.0,-0.5,1.0,-1.0,-1.0,-1.0,-1.0,-1.0,-0.5,-1,-0.5,-0.5,-1.0,-0.5,-0.5,-0.5,-0.5,1.0,-0.5,1.0,1.0,-0.5,1.0,1.0,1.0,1.0,-0.5,-0.5,-0.5,1,-0.5,-0.5,-0.5,-0.5,-0.5,-0.5,-0.5,-0.5,1.0,-0.5,-0.5,1.0,-0.5,-0.5,-0.5,-0.5,-1,-0.5,-0.5,-0.5,-0.5,0
124,62.0,-0.5,-0.5,-1,-1.0,-0.5,-0.5,-0.5,1.0,1.0,-1,-0.5,-0.5,-0.5,-0.5,-0.5,1,1.0,-0.5,1.0,1.0,-0.5,-0.5,-0.5,-0.5,-0.5,1.0,-0.5,1.0,-1.0,1.0,-1.0,-1.0,1.0,-1.0,1.0,-0.5,1.0,-1.0,-1.0,-1.0,-1.0,-1.0,-1.0,-1,-1.0,-0.5,1.0,-0.5,-1.0,-1.0,1.0,1.0,-0.5,1.0,1.0,-0.5,1.0,1.0,1.0,1.0,1.0,-0.5,-0.5,1,-0.5,-0.5,-0.5,-0.5,-0.5,-0.5,-0.5,-0.5,1.0,-0.5,-0.5,-0.5,-0.5,-0.5,-0.5,-0.5,-1,-0.5,-0.5,-0.5,-0.5,0
125,62.0,-0.5,-0.5,-1,-1.0,-0.5,-0.5,-0.5,1.0,1.0,-1,-0.5,-0.5,-0.5,-0.5,-0.5,1,1.0,-0.5,1.0,1.0,-0.5,-0.5,-0.5,-0.5,-0.5,1.0,-0.5,1.0,-1.0,1.0,-1.0,-1.0,1.0,-1.0,1.0,-0.5,1.0,-1.0,-1.0,-1.0,-1.0,-1.0,-1.0,-1,-1.0,-0.5,1.0,-0.5,-1.0,-1.0,1.0,1.0,-0.5,1.0,1.0,-0.5,1.0,1.0,1.0,1.0,1.0,-0.5,-0.5,1,-0.5,-0.5,-0.5,-0.5,-0.5,-0.5,-0.5,-0.5,1.0,-0.5,-0.5,-0.5,-0.5,-0.5,-0.5,-0.5,-1,-0.5,-0.5,-0.5,-0.5,0
126,63.0,-0.5,-0.5,-1,-1.0,-0.5,-0.5,-0.5,1.0,1.0,-1,-0.5,-0.5,-0.5,1.0,-0.5,1,1.0,-0.5,1.0,1.0,-0.5,-0.5,-0.5,-0.5,-0.5,1.0,-0.5,1.0,-1.0,1.0,-1.0,-1.0,1.0,-1.0,1.0,-0.5,1.0,-1.0,-1.0,-1.0,-1.0,-1.0,-1.0,-1,-0.5,-0.5,-1.0,-0.5,-0.5,-0.5,-1.0,1.0,-0.5,1.0,1.0,-0.5,1.0,1.0,1.0,1.0,1.0,-0.5,-0.5,1,-0.5,-0.5,-1.0,-0.5,-0.5,-0.5,1.0,1.0,1.0,-0.5,-0.5,-0.5,-0.5,-0.5,-0.5,-0.5,-1,-0.5,-0.5,-0.5,-0.5,0
127,63.0,-0.5,-0.5,-1,-1.0,-0.5,-0.5,-0.5,1.0,1.0,-1,-0.5,-0.5,-0.5,1.0,-0.5,1,1.0,-0.5,1.0,1.0,-0.5,-0.5,-0.5,-0.5,-0.5,1.0,-0.5,1.0,-1.0,1.0,-1.0,-1.0,1.0,-1.0,1.0,-0.5,1.0,-1.0,-1.0,-1.0,-1.0,-1.0,-1.0,-1,-0.5,-0.5,-1.0,-0.5,-0.5,-0.5,-1.0,1.0,-0.5,1.0,1.0,-0.5,1.0,1.0,1.0,1.0,1.0,-0.5,-0.5,1,-0.5,-0.5,-1.0,-0.5,-0.5,-0.5,1.0,1.0,1.0,-0.5,-0.5,-0.5,-0.5,-0.5,-0.5,-0.5,-1,-0.5,-0.5,-0.5,-0.5,0
128,64.0,-0.5,-0.5,-1,-1.0,-0.5,-0.5,-0.5,1.0,1.0,-1,-0.5,-0.5,-0.5,1.0,-0.5,1,1.0,-0.5,1.0,1.0,-0.5,-0.5,-0.5,-0.5,-0.5,1.0,-0.5,-0.5,-1.0,1.0,-1.0,-1.0,1.0,-1.0,1.0,-0.5,1.0,-1.0,-1.0,-1.0,-1.0,-1.0,-1.0,-1,-0.5,-0.5,-0.5,-0.5,-0.5,-0.5,-0.5,1.0,-0.5,1.0,1.0,-0.5,1.0,1.0,1.0,1.0,1.0,-0.5,-0.5,-1,-1.0,-0.5,-0.5,-0.5,-0.5,-0.5,1.0,1.0,1.0,-0.5,-0.5,-0.5,-0.5,-0.5,-0.5,-0.5,-1,-0.5,-0.5,-0.5,-0.5,0
129,64.0,-0.5,-0.5,-1,-1.0,-0.5,-0.5,-0.5,1.0,1.0,-1,-0.5,-0.5,-0.5,1.0,-0.5,1,1.0,-0.5,1.0,1.0,-0.5,-0.5,-0.5,-0.5,-0.5,1.0,-0.5,-0.5,-1.0,1.0,-1.0,-1.0,1.0,-1.0,1.0,-0.5,1.0,-1.0,-1.0,-1.0,-1.0,-1.0,-1.0,-1,-0.5,-0.5,-0.5,-0.5,-0.5,-0.5,-0.5,1.0,-0.5,1.0,1.0,-0.5,1.0,1.0,1.0,1.0,1.0,-0.5,-0.5,-1,-1.0,-0.5,-0.5,-0.5,-0.5,-0.5,1.0,1.0,1.0,-0.5,-0.5,-0.5,-0.5,-0.5,-0.5,-0.5,-1,-0.5,-0.5,-0.5,-0.5,0
130,65.0,-0.5,-0.5,1,1.0,-0.5,-0.5,1.0,1.0,1.0,-1,-0.5,-0.5,-0.5,1.0,-0.5,1,1.0,-0.5,1.0,1.0,-0.5,-0.5,-0.5,-0.5,-0.5,1.0,-0.5,1.0,-1.0,1.0,-0.5,-1.0,1.0,-1.0,1.0,-0.5,1.0,-0.5,-1.0,-1.0,-0.5,-1.0,-0.5,-1,1.0,1.0,-0.5,-0.5,-0.5,1.0,-0.5,1.0,-0.5,1.0,1.0,-0.5,1.0,1.0,1.0,1.0,1.0,-0.5,-0.5,1,1.0,-0.5,-0.5,-0.5,-0.5,-0.5,1.0,-0.5,-0.5,-0.5,-0.5,-0.5,-0.5,-0.5,-0.5,-0.5,1,-0.5,-0.5,1.0,-0.5,0
131,65.0,-0.5,-0.5,1,1.0,-0.5,-0.5,1.0,1.0,1.0,-1,-0.5,-0.5,-0.5,1.0,-0.5,1,1.0,-0.5,1.0,1.0,-0.5,-0.5,-0.5,-0.5,-0.5,1.0,-0.5,1.0,-1.0,1.0,-0.5,-1.0,1.0,-1.0,1.0,-0.5,1.0,-0.5,-1.0,-1.0,-0.5,-1.0,-0.5,-1,1.0,1.0,-0.5,-0.5,-0.5,1.0,-0.5,1.0,-0.5,1.0,1.0,-0.5,1.0,1.0,1.0,1.0,1.0,-0.5,-0.5,1,1.0,-0.5,-0.5,-0.5,-0.5,-0.5,1.0,-0.5,-0.5,-0.5,-0.5,-0.5,-0.5,-0.5,-0.5,-0.5,1,-0.5,-0.5,1.0,-0.5,0
132,66.0,-0.5,-0.5,1,1.0,-0.5,-0.5,1.0,-0.5,1.0,-1,-0.5,-0.5,-0.5,1.0,-0.5,1,1.0,-0.5,1.0,1.0,-0.5,-0.5,-0.5,-0.5,-0.5,-0.5,-0.5,1.0,-0.5,1.0,-0.5,-1.0,1.0,-1.0,1.0,-0.5,1.0,1.0,-1.0,-1.0,1.0,-1.0,-0.5,-1,-1.0,-0.5,1.0,-0.5,-0.5,-1.0,1.0,1.0,-0.5,1.0,1.0,-0.5,1.0,1.0,1.0,1.0,1.0,-0.5,-0.5,1,-0.5,-0.5,1.0,-0.5,-0.5,-0.5,1.0,-0.5,1.0,-0.5,-0.5,-0.5,-0.5,-0.5,-0.5,-0.5,1,-0.5,-0.5,1.0,-1.0,0
133,66.0,-0.5,-0.5,1,1.0,-0.5,-0.5,1.0,-0.5,1.0,-1,-0.5,-0.5,-0.5,1.0,-0.5,1,1.0,-0.5,1.0,1.0,-0.5,-0.5,-0.5,-0.5,-0.5,-0.5,-0.5,1.0,-0.5,1.0,-0.5,-1.0,1.0,-1.0,1.0,-0.5,1.0,1.0,-1.0,-1.0,1.0,-1.0,-0.5,-1,-1.0,-0.5,1.0,-0.5,-0.5,-1.0,1.0,1.0,-0.5,1.0,1.0,-0.5,1.0,1.0,1.0,1.0,1.0,-0.5,-0.5,1,-0.5,-0.5,1.0,-0.5,-0.5,-0.5,1.0,-0.5,1.0,-0.5,-0.5,-0.5,-0.5,-0.5,-0.5,-0.5,1,-0.5,-0.5,1.0,-1.0,0
134,67.0,-0.5,-0.5,-1,-1.0,-0.5,-0.5,-1.0,-0.5,1.0,-1,-0.5,-1.0,-0.5,-1.0,-0.5,1,-1.0,-0.5,1.0,1.0,-0.5,-0.5,-0.5,-0.5,-0.5,-0.5,-0.5,-0.5,-1.0,-0.5,-0.5,-1.0,1.0,-1.0,1.0,-0.5,-0.5,-0.5,-1.0,-1.0,-0.5,-1.0,1.0,-1,-0.5,-1.0,-0.5,-0.5,-0.5,-0.5,-0.5,1.0,-0.5,1.0,1.0,-0.5,1.0,1.0,1.0,1.0,-0.5,-0.5,-0.5,-1,-1.0,-0.5,-0.5,-0.5,-0.5,-0.5,-0.5,-0.5,1.0,-0.5,-0.5,-0.5,-0.5,-0.5,-0.5,-0.5,-1,-0.5,-0.5,-1.0,-0.5,0
135,67.0,-0.5,-0.5,-1,-1.0,-0.5,-0.5,-1.0,-0.5,1.0,-1,-0.5,-1.0,-0.5,-1.0,-0.5,1,-1.0,-0.5,1.0,1.0,-0.5,-0.5,-0.5,-0.5,-0.5,-0.5,-0.5,-0.5,-1.0,-0.5,-0.5,-1.0,1.0,-1.0,1.0,-0.5,-0.5,-0.5,-1.0,-1.0,-0.5,-1.0,1.0,-1,-0.5,-1.0,-0.5,-0.5,-0.5,-0.5,-0.5,1.0,-0.5,1.0,1.0,-0.5,1.0,1.0,1.0,1.0,-0.5,-0.5,-0.5,-1,-1.0,-0.5,-0.5,-0.5,-0.5,-0.5,-0.5,-0.5,1.0,-0.5,-0.5,-0.5,-0.5,-0.5,-0.5,-0.5,-1,-0.5,-0.5,-1.0,-0.5,0
136,68.0,-0.5,-0.5,1,1.0,-0.5,-0.5,1.0,-0.5,1.0,-1,-0.5,1.0,-0.5,1.0,-0.5,1,1.0,-0.5,1.0,1.0,-0.5,-0.5,-0.5,-0.5,-0.5,-0.5,-0.5,1.0,-0.5,-0.5,-0.5,-1.0,1.0,-1.0,1.0,-0.5,-0.5,-0.5,-1.0,-1.0,-0.5,-1.0,-0.5,-1,1.0,1.0,-0.5,-0.5,1.0,1.0,-0.5,1.0,-0.5,1.0,1.0,-0.5,1.0,1.0,1.0,1.0,-0.5,-0.5,-0.5,1,1.0,-0.5,-0.5,-0.5,-0.5,-0.5,1.0,-0.5,1.0,-0.5,-0.5,-0.5,-0.5,-0.5,-0.5,-0.5,1,-0.5,-0.5,1.0,-1.0,0
137,68.0,-0.5,-0.5,1,1.0,-0.5,-0.5,1.0,-0.5,1.0,-1,-0.5,1.0,-0.5,1.0,-0.5,1,1.0,-0.5,1.0,1.0,-0.5,-0.5,-0.5,-0.5,-0.5,-0.5,-0.5,1.0,-0.5,-0.5,-0.5,-1.0,1.0,-1.0,1.0,-0.5,-0.5,-0.5,-1.0,-1.0,-0.5,-1.0,-0.5,-1,1.0,1.0,-0.5,-0.5,1.0,1.0,-0.5,1.0,-0.5,1.0,1.0,-0.5,1.0,1.0,1.0,1.0,-0.5,-0.5,-0.5,1,1.0,-0.5,-0.5,-0.5,-0.5,-0.5,1.0,-0.5,1.0,-0.5,-0.5,-0.5,-0.5,-0.5,-0.5,-0.5,1,-0.5,-0.5,1.0,-1.0,0
138,69.0,-0.5,-0.5,1,1.0,-0.5,-0.5,1.0,-0.5,1.0,-1,-0.5,1.0,-0.5,1.0,-0.5,1,1.0,-0.5,1.0,1.0,-0.5,-0.5,-0.5,-0.5,-0.5,-0.5,-0.5,-0.5,-0.5,-0.5,-0.5,-1.0,1.0,-1.0,1.0,-0.5,1.0,1.0,-1.0,-1.0,-0.5,-1.0,-1.0,-1,-0.5,-0.5,-1.0,-0.5,-1.0,-0.5,-1.0,1.0,-0.5,1.0,1.0,-0.5,1.0,1.0,1.0,1.0,1.0,-0.5,-0.5,-1,-0.5,-0.5,-0.5,-0.5,-0.5,-0.5,1.0,-0.5,1.0,-0.5,-0.5,-0.5,-0.5,-0.5,-0.5,-0.5,1,-0.5,-0.5,1.0,-1.0,0
139,69.0,-0.5,-0.5,1,1.0,-0.5,-0.5,1.0,-0.5,1.0,-1,-0.5,1.0,-0.5,1.0,-0.5,1,1.0,-0.5,1.0,1.0,-0.5,-0.5,-0.5,-0.5,-0.5,-0.5,-0.5,-0.5,-0.5,-0.5,-0.5,-1.0,1.0,-1.0,1.0,-0.5,1.0,1.0,-1.0,-1.0,-0.5,-1.0,-1.0,-1,-0.5,-0.5,-1.0,-0.5,-1.0,-0.5,-1.0,1.0,-0.5,1.0,1.0,-0.5,1.0,1.0,1.0,1.0,1.0,-0.5,-0.5,-1,-0.5,-0.5,-0.5,-0.5,-0.5,-0.5,1.0,-0.5,1.0,-0.5,-0.5,-0.5,-0.5,-0.5,-0.5,-0.5,1,-0.5,-0.5,1.0,-1.0,0
140,70.0,-0.5,-0.5,1,1.0,-0.5,-0.5,-0.5,-0.5,1.0,-1,-0.5,-0.5,-0.5,1.0,-0.5,1,1.0,-0.5,1.0,1.0,-0.5,-0.5,-0.5,-0.5,-0.5,-0.5,-0.5,-0.5,-0.5,1.0,1.0,-1.0,1.0,-0.5,1.0,-0.5,1.0,1.0,-1.0,-1.0,-0.5,-1.0,-0.5,-1,-1.0,-0.5,1.0,-0.5,-0.5,-1.0,1.0,1.0,-0.5,1.0,1.0,-0.5,1.0,1.0,1.0,1.0,-0.5,-0.5,-0.5,-1,-0.5,-0.5,-0.5,-0.5,-0.5,-0.5,1.0,-0.5,1.0,-0.5,-0.5,-0.5,-0.5,-0.5,-0.5,-0.5,1,-0.5,-0.5,-0.5,-1.0,0
141,70.0,-0.5,-0.5,1,1.0,-0.5,-0.5,-0.5,-0.5,1.0,-1,-0.5,-0.5,-0.5,1.0,-0.5,1,1.0,-0.5,1.0,1.0,-0.5,-0.5,-0.5,-0.5,-0.5,-0.5,-0.5,-0.5,-0.5,1.0,1.0,-1.0,1.0,-0.5,1.0,-0.5,1.0,1.0,-1.0,-1.0,-0.5,-1.0,-0.5,-1,-1.0,-0.5,1.0,-0.5,-0.5,-1.0,1.0,1.0,-0.5,1.0,1.0,-0.5,1.0,1.0,1.0,1.0,-0.5,-0.5,-0.5,-1,-0.5,-0.5,-0.5,-0.5,-0.5,-0.5,1.0,-0.5,1.0,-0.5,-0.5,-0.5,-0.5,-0.5,-0.5,-0.5,1,-0.5,-0.5,-0.5,-1.0,0
142,71.0,-0.5,-0.5,1,1.0,-0.5,-0.5,-0.5,-0.5,1.0,-1,-0.5,-0.5,-0.5,1.0,-0.5,1,1.0,-0.5,1.0,1.0,-0.5,-0.5,-0.5,1.0,-0.5,-0.5,-0.5,-0.5,-0.5,1.0,1.0,-1.0,1.0,-0.5,1.0,-0.5,1.0,1.0,-1.0,-1.0,1.0,-1.0,-0.5,-1,1.0,-0.5,-1.0,-0.5,-0.5,1.0,-1.0,1.0,-0.5,1.0,1.0,-0.5,1.0,1.0,1.0,1.0,1.0,-0.5,-0.5,1,1.0,-0.5,-1.0,-0.5,-0.5,-0.5,1.0,-0.5,1.0,-0.5,-0.5,-0.5,-0.5,-0.5,-0.5,-0.5,1,-0.5,-0.5,-0.5,-1.0,0
143,71.0,-0.5,-0.5,1,1.0,-0.5,-0.5,-0.5,-0.5,1.0,-1,-0.5,-0.5,-0.5,1.0,-0.5,1,1.0,-0.5,1.0,1.0,-0.5,-0.5,-0.5,1.0,-0.5,-0.5,-0.5,-0.5,-0.5,1.0,1.0,-1.0,1.0,-0.5,1.0,-0.5,1.0,1.0,-1.0,-1.0,1.0,-1.0,-0.5,-1,1.0,-0.5,-1.0,-0.5,-0.5,1.0,-1.0,1.0,-0.5,1.0,1.0,-0.5,1.0,1.0,1.0,1.0,1.0,-0.5,-0.5,1,1.0,-0.5,-1.0,-0.5,-0.5,-0.5,1.0,-0.5,1.0,-0.5,-0.5,-0.5,-0.5,-0.5,-0.5,-0.5,1,-0.5,-0.5,-0.5,-1.0,0
144,72.0,-0.5,-0.5,1,1.0,-0.5,-0.5,-0.5,-0.5,1.0,1,-0.5,-0.5,-0.5,1.0,-0.5,1,1.0,-0.5,1.0,1.0,-0.5,-0.5,-0.5,1.0,-0.5,-0.5,-0.5,-0.5,-0.5,1.0,1.0,-1.0,1.0,-0.5,1.0,-0.5,1.0,1.0,-1.0,-1.0,1.0,-1.0,-0.5,-1,-1.0,-0.5,1.0,-0.5,-0.5,-1.0,1.0,1.0,-0.5,-0.5,1.0,-0.5,1.0,1.0,1.0,-0.5,-0.5,-0.5,-0.5,-1,-0.5,-0.5,-0.5,-0.5,-0.5,-0.5,1.0,-0.5,1.0,-0.5,-0.5,-0.5,-0.5,-0.5,-0.5,-0.5,1,-0.5,-0.5,-0.5,-1.0,0
145,72.0,-0.5,-0.5,1,1.0,-0.5,-0.5,-0.5,-0.5,1.0,1,-0.5,-0.5,-0.5,1.0,-0.5,1,1.0,-0.5,1.0,1.0,-0.5,-0.5,-0.5,1.0,-0.5,-0.5,-0.5,-0.5,-0.5,1.0,1.0,-1.0,1.0,-0.5,1.0,-0.5,1.0,1.0,-1.0,-1.0,1.0,-1.0,-0.5,-1,-1.0,-0.5,1.0,-0.5,-0.5,-1.0,1.0,1.0,-0.5,-0.5,1.0,-0.5,1.0,1.0,1.0,-0.5,-0.5,-0.5,-0.5,-1,-0.5,-0.5,-0.5,-0.5,-0.5,-0.5,1.0,-0.5,1.0,-0.5,-0.5,-0.5,-0.5,-0.5,-0.5,-0.5,1,-0.5,-0.5,-0.5,-1.0,0
146,73.0,-0.5,-0.5,1,1.0,-0.5,-0.5,-0.5,-0.5,1.0,1,-0.5,-0.5,-0.5,1.0,-0.5,1,1.0,-0.5,1.0,1.0,-0.5,-0.5,-0.5,1.0,-0.5,-0.5,-0.5,-0.5,-0.5,1.0,1.0,-1.0,1.0,-0.5,1.0,-0.5,1.0,1.0,-1.0,-1.0,1.0,-1.0,-0.5,-1,-0.5,-0.5,-0.5,-0.5,-0.5,-0.5,1.0,1.0,-0.5,-0.5,1.0,-0.5,1.0,1.0,1.0,-0.5,-0.5,-0.5,-0.5,-1,-0.5,-0.5,-0.5,-0.5,-0.5,-0.5,1.0,-0.5,1.0,-0.5,-0.5,-0.5,-0.5,-0.5,-0.5,-0.5,1,-0.5,-0.5,-0.5,-1.0,0
147,73.0,-0.5,-0.5,1,1.0,-0.5,-0.5,-0.5,-0.5,1.0,1,-0.5,-0.5,-0.5,1.0,-0.5,1,1.0,-0.5,1.0,1.0,-0.5,-0.5,-0.5,1.0,-0.5,-0.5,-0.5,-0.5,-0.5,1.0,1.0,-1.0,1.0,-0.5,1.0,-0.5,1.0,1.0,-1.0,-1.0,1.0,-1.0,-0.5,-1,-0.5,-0.5,-0.5,-0.5,-0.5,-0.5,1.0,1.0,-0.5,-0.5,1.0,-0.5,1.0,1.0,1.0,-0.5,-0.5,-0.5,-0.5,-1,-0.5,-0.5,-0.5,-0.5,-0.5,-0.5,1.0,-0.5,1.0,-0.5,-0.5,-0.5,-0.5,-0.5,-0.5,-0.5,1,-0.5,-0.5,-0.5,-1.0,0
148,74.0,-0.5,-0.5,1,1.0,-0.5,-0.5,-0.5,-0.5,1.0,1,-0.5,-0.5,-0.5,-0.5,-0.5,1,1.0,-0.5,1.0,1.0,-0.5,-0.5,-0.5,1.0,-0.5,-0.5,-0.5,1.0,-0.5,1.0,1.0,-0.5,1.0,-0.5,1.0,-0.5,1.0,1.0,-0.5,-1.0,1.0,-1.0,-0.5,-1,1.0,1.0,1.0,-0.5,-0.5,1.0,1.0,1.0,-0.5,-0.5,1.0,-0.5,1.0,1.0,1.0,-0.5,1.0,-0.5,-0.5,1,1.0,-0.5,1.0,-0.5,-0.5,-0.5,1.0,-0.5,1.0,-0.5,-0.5,-0.5,-0.5,-0.5,-0.5,-0.5,1,-0.5,-0.5,-0.5,-0.5,0
149,74.0,-0.5,-0.5,1,1.0,-0.5,-0.5,-0.5,-0.5,1.0,1,-0.5,-0.5,-0.5,-0.5,-0.5,1,1.0,-0.5,1.0,1.0,-0.5,-0.5,-0.5,1.0,-0.5,-0.5,-0.5,1.0,-0.5,1.0,1.0,-0.5,1.0,-0.5,1.0,-0.5,1.0,1.0,-0.5,-1.0,1.0,-1.0,-0.5,-1,1.0,1.0,1.0,-0.5,-0.5,1.0,1.0,1.0,-0.5,-0.5,1.0,-0.5,1.0,1.0,1.0,-0.5,1.0,-0.5,-0.5,1,1.0,-0.5,1.0,-0.5,-0.5,-0.5,1.0,-0.5,1.0,-0.5,-0.5,-0.5,-0.5,-0.5,-0.5,-0.5,1,-0.5,-0.5,-0.5,-0.5,0
150,75.0,-0.5,-0.5,1,1.0,-0.5,-0.5,-0.5,-0.5,1.0,-1,-0.5,-0.5,-0.5,1.0,-0.5,1,1.0,-0.5,1.0,1.0,-0.5,-0.5,-0.5,1.0,-0.5,-0.5,-0.5,-0.5,-0.5,1.0,1.0,-0.5,1.0,-0.5,1.0,-0.5,1.0,1.0,1.0,-1.0,1.0,-1.0,1.0,-1,-0.5,-0.5,-0.5,-0.5,-0.5,-0.5,-1.0,1.0,-0.5,-0.5,1.0,-0.5,1.0,1.0,1.0,-0.5,1.0,-0.5,-0.5,-1,-0.5,-0.5,-0.5,-0.5,-0.5,-0.5,1.0,-0.5,1.0,-0.5,-0.5,-0.5,-0.5,-0.5,-0.5,-0.5,1,-0.5,-0.5,-0.5,-0.5,0
151,75.0,-0.5,-0.5,1,1.0,-0.5,-0.5,-0.5,-0.5,1.0,-1,-0.5,-0.5,-0.5,1.0,-0.5,1,1.0,-0.5,1.0,1.0,-0.5,-0.5,-0.5,1.0,-0.5,-0.5,-0.5,-0.5,-0.5,1.0,1.0,-0.5,1.0,-0.5,1.0,-0.5,1.0,1.0,1.0,-1.0,1.0,-1.0,1.0,-1,-0.5,-0.5,-0.5,-0.5,-0.5,-0.5,-1.0,1.0,-0.5,-0.5,1.0,-0.5,1.0,1.0,1.0,-0.5,1.0,-0.5,-0.5,-1,-0.5,-0.5,-0.5,-0.5,-0.5,-0.5,1.0,-0.5,1.0,-0.5,-0.5,-0.5,-0.5,-0.5,-0.5,-0.5,1,-0.5,-0.5,-0.5,-0.5,0
152,76.0,-0.5,-0.5,-1,-1.0,-0.5,-0.5,-1.0,-0.5,1.0,-1,-0.5,-1.0,-0.5,-1.0,-0.5,1,-1.0,-0.5,1.0,1.0,-0.5,-0.5,-0.5,1.0,-0.5,-0.5,-0.5,-0.5,-0.5,-0.5,-0.5,-0.5,1.0,-0.5,1.0,-0.5,-0.5,-0.5,-0.5,-1.0,-0.5,-1.0,-0.5,-1,-1.0,-1.0,-0.5,-0.5,-0.5,-1.0,-0.5,1.0,-0.5,-0.5,1.0,-0.5,1.0,1.0,1.0,-0.5,-0.5,-0.5,-0.5,-1,-0.5,-0.5,-0.5,-0.5,-0.5,-0.5,-0.5,-0.5,1.0,-0.5,-0.5,-0.5,-0.5,1.0,1.0,-0.5,1,-0.5,-0.5,-0.5,-1.0,0
153,76.0,-0.5,-0.5,-1,-1.0,-0.5,-0.5,-1.0,-0.5,1.0,-1,-0.5,-1.0,-0.5,-1.0,-0.5,1,-1.0,-0.5,1.0,1.0,-0.5,-0.5,-0.5,1.0,-0.5,-0.5,-0.5,-0.5,-0.5,-0.5,-0.5,-0.5,1.0,-0.5,1.0,-0.5,-0.5,-0.5,-0.5,-1.0,-0.5,-1.0,-0.5,-1,-1.0,-1.0,-0.5,-0.5,-0.5,-1.0,-0.5,1.0,-0.5,-0.5,1.0,-0.5,1.0,1.0,1.0,-0.5,-0.5,-0.5,-0.5,-1,-0.5,-0.5,-0.5,-0.5,-0.5,-0.5,-0.5,-0.5,1.0,-0.5,-0.5,-0.5,-0.5,1.0,1.0,-0.5,1,-0.5,-0.5,-0.5,-1.0,0
154,77.0,-0.5,-0.5,-1,-1.0,-0.5,-0.5,-1.0,-0.5,1.0,-1,-0.5,-1.0,-0.5,-1.0,-0.5,1,-1.0,-0.5,1.0,1.0,-0.5,-0.5,-0.5,1.0,-0.5,-0.5,-0.5,-0.5,-0.5,-0.5,-0.5,-0.5,-0.5,-0.5,1.0,-1.0,-1.0,-1.0,-1.0,-1.0,-1.0,-1.0,-0.5,-1,-0.5,-0.5,1.0,-0.5,-0.5,-0.5,1.0,1.0,-0.5,-0.5,1.0,-0.5,1.0,1.0,1.0,-0.5,-0.5,-0.5,-1.0,-1,-0.5,-0.5,-0.5,-0.5,-0.5,-0.5,-0.5,-0.5,-1.0,-0.5,-0.5,-1.0,-0.5,-0.5,1.0,-0.5,1,-0.5,-0.5,-0.5,-1.0,0
155,77.0,-0.5,-0.5,-1,-1.0,-0.5,-0.5,-1.0,-0.5,1.0,-1,-0.5,-1.0,-0.5,-1.0,-0.5,1,-1.0,-0.5,1.0,1.0,-0.5,-0.5,-0.5,1.0,-0.5,-0.5,-0.5,-0.5,-0.5,-0.5,-0.5,-0.5,-0.5,-0.5,1.0,-1.0,-1.0,-1.0,-1.0,-1.0,-1.0,-1.0,-0.5,-1,-0.5,-0.5,1.0,-0.5,-0.5,-0.5,1.0,1.0,-0.5,-0.5,1.0,-0.5,1.0,1.0,1.0,-0.5,-0.5,-0.5,-1.0,-1,-0.5,-0.5,-0.5,-0.5,-0.5,-0.5,-0.5,-0.5,-1.0,-0.5,-0.5,-1.0,-0.5,-0.5,1.0,-0.5,1,-0.5,-0.5,-0.5,-1.0,0
156,78.0,-0.5,-0.5,-1,-1.0,-0.5,-0.5,-0.5,-0.5,1.0,-1,-0.5,-0.5,-0.5,-0.5,-0.5,1,-1.0,-0.5,1.0,1.0,-0.5,-0.5,-0.5,1.0,-0.5,-0.5,-0.5,-0.5,-0.5,-1.0,-1.0,-1.0,-0.5,-0.5,1.0,-1.0,-1.0,-1.0,-1.0,-1.0,-1.0,-1.0,-0.5,-1,-0.5,-0.5,-0.5,-0.5,1.0,-0.5,-0.5,1.0,-0.5,-0.5,1.0,-0.5,1.0,1.0,1.0,-0.5,-0.5,-0.5,-0.5,-1,-0.5,-0.5,-0.5,-0.5,-0.5,-0.5,-1.0,-1.0,-1.0,-0.5,-0.5,-0.5,-0.5,-0.5,1.0,-0.5,-1,-0.5,-0.5,-1.0,-1.0,0
157,78.0,-0.5,-0.5,-1,-1.0,-0.5,-0.5,-0.5,-0.5,1.0,-1,-0.5,-0.5,-0.5,-0.5,-0.5,1,-1.0,-0.5,1.0,1.0,-0.5,-0.5,-0.5,1.0,-0.5,-0.5,-0.5,-0.5,-0.5,-1.0,-1.0,-1.0,-0.5,-0.5,1.0,-1.0,-1.0,-1.0,-1.0,-1.0,-1.0,-1.0,-0.5,-1,-0.5,-0.5,-0.5,-0.5,1.0,-0.5,-0.5,1.0,-0.5,-0.5,1.0,-0.5,1.0,1.0,1.0,-0.5,-0.5,-0.5,-0.5,-1,-0.5,-0.5,-0.5,-0.5,-0.5,-0.5,-1.0,-1.0,-1.0,-0.5,-0.5,-0.5,-0.5,-0.5,1.0,-0.5,-1,-0.5,-0.5,-1.0,-1.0,0
158,79.0,-0.5,-0.5,-1,-1.0,-0.5,-0.5,-0.5,-0.5,1.0,-1,-0.5,-0.5,-0.5,-0.5,-0.5,-1,-1.0,-0.5,1.0,1.0,-0.5,-0.5,-0.5,-1.0,-1.0,-0.5,-0.5,-0.5,-1.0,-1.0,-1.0,-1.0,-1.0,-1.0,-1.0,-1.0,-1.0,-1.0,-1.0,-1.0,-1.0,-1.0,-0.5,-1,-0.5,-1.0,-0.5,-0.5,-0.5,-0.5,-0.5,1.0,-0.5,1.0,1.0,-0.5,1.0,1.0,1.0,1.0,-1.0,-0.5,-0.5,-1,-0.5,-0.5,-0.5,-0.5,-0.5,-0.5,-1.0,-1.0,-0.5,-0.5,-0.5,-0.5,-0.5,-0.5,1.0,-0.5,-1,-0.5,-0.5,-1.0,-0.5,0
159,79.0,-0.5,-0.5,-1,-1.0,-0.5,-0.5,-0.5,-0.5,1.0,-1,-0.5,-0.5,-0.5,-0.5,-0.5,-1,-1.0,-0.5,1.0,1.0,-0.5,-0.5,-0.5,-1.0,-1.0,-0.5,-0.5,-0.5,-1.0,-1.0,-1.0,-1.0,-1.0,-1.0,-1.0,-1.0,-1.0,-1.0,-1.0,-1.0,-1.0,-1.0,-0.5,-1,-0.5,-1.0,-0.5,-0.5,-0.5,-0.5,-0.5,1.0,-0.5,1.0,1.0,-0.5,1.0,1.0,1.0,1.0,-1.0,-0.5,-0.5,-1,-0.5,-0.5,-0.5,-0.5,-0.5,-0.5,-1.0,-1.0,-0.5,-0.5,-0.5,-0.5,-0.5,-0.5,1.0,-0.5,-1,-0.5,-0.5,-1.0,-0.5,0
160,80.0,-0.5,-0.5,-1,-1.0,-0.5,-0.5,-0.5,-0.5,1.0,-1,-0.5,-0.5,-0.5,-1.0,-0.5,-1,-1.0,-0.5,1.0,1.0,-0.5,-0.5,-0.5,-1.0,-1.0,1.0,-0.5,-1.0,-1.0,-1.0,-1.0,-1.0,-1.0,-1.0,-1.0,-1.0,-1.0,-1.0,-1.0,-1.0,-1.0,-1.0,-0.5,-1,1.0,-0.5,-0.5,-0.5,-0.5,1.0,1.0,1.0,-0.5,1.0,1.0,-0.5,1.0,1.0,1.0,1.0,-1.0,-0.5,-0.5,1,-0.5,-0.5,-0.5,-0.5,-0.5,-0.5,-1.0,-0.5,-1.0,-0.5,-0.5,-0.5,-0.5,-0.5,1.0,-0.5,-1,-0.5,-0.5,-0.5,-1.0,0
161,80.0,-0.5,-0.5,-1,-1.0,-0.5,-0.5,-0.5,-0.5,1.0,-1,-0.5,-0.5,-0.5,-1.0,-0.5,-1,-1.0,-0.5,1.0,1.0,-0.5,-0.5,-0.5,-1.0,-1.0,1.0,-0.5,-1.0,-1.0,-1.0,-1.0,-1.0,-1.0,-1.0,-1.0,-1.0,-1.0,-1.0,-1.0,-1.0,-1.0,-1.0,-0.5,-1,1.0,-0.5,-0.5,-0.5,-0.5,1.0,1.0,1.0,-0.5,1.0,1.0,-0.5,1.0,1.0,1.0,1.0,-1.0,-0.5,-0.5,1,-0.5,-0.5,-0.5,-0.5,-0.5,-0.5,-1.0,-0.5,-1.0,-0.5,-0.5,-0.5,-0.5,-0.5,1.0,-0.5,-1,-0.5,-0.5,-0.5,-1.0,0
162,81.0,-0.5,-0.5,-1,-1.0,-0.5,-0.5,-0.5,-0.5,1.0,-1,-0.5,-0.5,-0.5,-0.5,-0.5,-1,-1.0,-0.5,1.0,1.0,-0.5,-0.5,-0.5,-1.0,-1.0,-0.5,-0.5,-1.0,-1.0,-1.0,-1.0,-1.0,-1.0,-1.0,-1.0,-1.0,-1.0,-1.0,-1.0,-1.0,-1.0,-1.0,-0.5,-1,-1.0,-0.5,1.0,-0.5,-0.5,-1.0,1.0,1.0,-0.5,1.0,1.0,-0.5,1.0,1.0,1.0,1.0,-1.0,-0.5,-0.5,-1,-0.5,-0.5,-0.5,-0.5,-0.5,-0.5,-1.0,-0.5,-1.0,-0.5,-0.5,-0.5,-0.5,-0.5,1.0,-0.5,-1,-0.5,-0.5,-0.5,-0.5,0
163,81.0,-0.5,-0.5,-1,-1.0,-0.5,-0.5,-0.5,-0.5,1.0,-1,-0.5,-0.5,-0.5,-0.5,-0.5,-1,-1.0,-0.5,1.0,1.0,-0.5,-0.5,-0.5,-1.0,-1.0,-0.5,-0.5,-1.0,-1.0,-1.0,-1.0,-1.0,-1.0,-1.0,-1.0,-1.0,-1.0,-1.0,-1.0,-1.0,-1.0,-1.0,-0.5,-1,-1.0,-0.5,1.0,-0.5,-0.5,-1.0,1.0,1.0,-0.5,1.0,1.0,-0.5,1.0,1.0,1.0,1.0,-1.0,-0.5,-0.5,-1,-0.5,-0.5,-0.5,-0.5,-0.5,-0.5,-1.0,-0.5,-1.0,-0.5,-0.5,-0.5,-0.5,-0.5,1.0,-0.5,-1,-0.5,-0.5,-0.5,-0.5,0
164,82.0,-0.5,-0.5,-1,-1.0,-0.5,-0.5,-0.5,-0.5,-0.5,-1,-0.5,-0.5,-0.5,-0.5,-0.5,-1,-1.0,-0.5,1.0,1.0,-0.5,-0.5,-0.5,-1.0,-0.5,-0.5,-0.5,-1.0,-1.0,-1.0,-1.0,-1.0,-1.0,-1.0,-1.0,-1.0,-1.0,-1.0,-1.0,-1.0,-1.0,-1.0,-0.5,-1,-0.5,-1.0,-0.5,-0.5,-0.5,-0.5,-0.5,1.0,-0.5,1.0,1.0,-0.5,1.0,1.0,1.0,1.0,-1.0,-0.5,-0.5,-1,-0.5,-0.5,-0.5,-0.5,-0.5,-0.5,-1.0,-0.5,-0.5,-0.5,-0.5,-0.5,-0.5,-0.5,-0.5,-0.5,-1,-0.5,-0.5,-0.5,-0.5,0
165,82.0,-0.5,-0.5,-1,-1.0,-0.5,-0.5,-0.5,-0.5,-0.5,-1,-0.5,-0.5,-0.5,-0.5,-0.5,-1,-1.0,-0.5,1.0,1.0,-0.5,-0.5,-0.5,-1.0,-0.5,-0.5,-0.5,-1.0,-1.0,-1.0,-1.0,-1.0,-1.0,-1.0,-1.0,-1.0,-1.0,-1.0,-1.0,-1.0,-1.0,-1.0,-0.5,-1,-0.5,-1.0,-0.5,-0.5,-0.5,-0.5,-0.5,1.0,-0.5,1.0,1.0,-0.5,1.0,1.0,1.0,1.0,-1.0,-0.5,-0.5,-1,-0.5,-0.5,-0.5,-0.5,-0.5,-0.5,-1.0,-0.5,-0.5,-0.5,-0.5,-0.5,-0.5,-0.5,-0.5,-0.5,-1,-0.5,-0.5,-0.5,-0.5,0
166,83.0,-0.5,-0.5,-1,-0.5,-0.5,-0.5,-0.5,-0.5,-0.5,-1,-0.5,-0.5,-0.5,-0.5,-0.5,-1,-1.0,-0.5,1.0,1.0,-0.5,-0.5,-0.5,-1.0,-0.5,-0.5,-0.5,-1.0,-1.0,-1.0,-1.0,-1.0,-1.0,-1.0,-1.0,-1.0,-1.0,-1.0,-1.0,-1.0,-1.0,-1.0,-0.5,-1,-0.5,-1.0,-0.5,-0.5,-0.5,-0.5,-0.5,1.0,-0.5,1.0,1.0,-0.5,1.0,1.0,1.0,1.0,-1.0,-0.5,-0.5,-1,-0.5,-0.5,-0.5,-0.5,-1.0,-1.0,-1.0,-0.5,-0.5,-0.5,-0.5,-0.5,-0.5,-0.5,-0.5,-0.5,-1,-0.5,-0.5,-0.5,-0.5,0
167,83.0,-0.5,-0.5,-1,-0.5,-0.5,-0.5,-0.5,-0.5,-0.5,-1,-0.5,-0.5,-0.5,-0.5,-0.5,-1,-1.0,-0.5,1.0,1.0,-0.5,-0.5,-0.5,-1.0,-0.5,-0.5,-0.5,-1.0,-1.0,-1.0,-1.0,-1.0,-1.0,-1.0,-1.0,-1.0,-1.0,-1.0,-1.0,-1.0,-1.0,-1.0,-0.5,-1,-0.5,-1.0,-0.5,-0.5,-0.5,-0.5,-0.5,1.0,-0.5,1.0,1.0,-0.5,1.0,1.0,1.0,1.0,-1.0,-0.5,-0.5,-1,-0.5,-0.5,-0.5,-0.5,-1.0,-1.0,-1.0,-0.5,-0.5,-0.5,-0.5,-0.5,-0.5,-0.5,-0.5,-0.5,-1,-0.5,-0.5,-0.5,-0.5,0
168,84.0,-0.5,-0.5,-1,-0.5,-0.5,-0.5,-0.5,-0.5,-0.5,-1,-0.5,-0.5,-0.5,-0.5,-0.5,-1,-1.0,-0.5,1.0,1.0,-0.5,-0.5,-0.5,-1.0,-0.5,-0.5,-0.5,-1.0,-1.0,-1.0,-1.0,-1.0,-1.0,-1.0,-1.0,-1.0,-1.0,-1.0,-1.0,-1.0,-1.0,-1.0,-0.5,-1,-0.5,-1.0,-0.5,-0.5,-0.5,-0.5,-0.5,1.0,-0.5,1.0,1.0,-0.5,1.0,1.0,-0.5,1.0,-1.0,-0.5,-0.5,-1,-1.0,-0.5,-0.5,-0.5,1.0,-1.0,-1.0,-0.5,-0.5,-0.5,-0.5,-0.5,-0.5,-0.5,-0.5,-0.5,-1,-0.5,-0.5,-0.5,-0.5,0
169,84.0,-0.5,-0.5,-1,-0.5,-0.5,-0.5,-0.5,-0.5,-0.5,-1,-0.5,-0.5,-0.5,-0.5,-0.5,-1,-1.0,-0.5,1.0,1.0,-0.5,-0.5,-0.5,-1.0,-0.5,-0.5,-0.5,-1.0,-1.0,-1.0,-1.0,-1.0,-1.0,-1.0,-1.0,-1.0,-1.0,-1.0,-1.0,-1.0,-1.0,-1.0,-0.5,-1,-0.5,-1.0,-0.5,-0.5,-0.5,-0.5,-0.5,1.0,-0.5,1.0,1.0,-0.5,1.0,1.0,-0.5,1.0,-1.0,-0.5,-0.5,-1,-1.0,-0.5,-0.5,-0.5,1.0,-1.0,-1.0,-0.5,-0.5,-0.5,-0.5,-0.5,-0.5,-0.5,-0.5,-0.5,-1,-0.5,-0.5,-0.5,-0.5,0
170,85.0,-0.5,-0.5,-1,-1.0,-0.5,-0.5,-0.5,-0.5,-0.5,-1,-0.5,-0.5,-0.5,-0.5,-0.5,-1,-1.0,-0.5,1.0,1.0,-0.5,-0.5,-0.5,-1.0,-0.5,-0.5,-0.5,-0.5,-1.0,-1.0,-1.0,-1.0,-1.0,-1.0,-1.0,-1.0,-1.0,-1.0,-1.0,-1.0,-1.0,-1.0,-0.5,-1,1.0,-0.5,-0.5,-0.5,-0.5,1.0,-0.5,1.0,-0.5,1.0,1.0,-0.5,1.0,1.0,-0.5,1.0,-1.0,-0.5,-0.5,1,-0.5,-0.5,-0.5,-0.5,-0.5,-1.0,-1.0,-0.5,-1.0,-0.5,-0.5,-0.5,-0.5,-0.5,-0.5,-0.5,-1,-0.5,-0.5,-0.5,-0.5,0
171,85.0,-0.5,-0.5,-1,-1.0,-0.5,-0.5,-0.5,-0.5,-0.5,-1,-0.5,-0.5,-0.5,-0.5,-0.5,-1,-1.0,-0.5,1.0,1.0,-0.5,-0.5,-0.5,-1.0,-0.5,-0.5,-0.5,-0.5,-1.0,-1.0,-1.0,-1.0,-1.0,-1.0,-1.0,-1.0,-1.0,-1.0,-1.0,-1.0,-1.0,-1.0,-0.5,-1,1.0,-0.5,-0.5,-0.5,-0.5,1.0,-0.5,1.0,-0.5,1.0,1.0,-0.5,1.0,1.0,-0.5,1.0,-1.0,-0.5,-0.5,1,-0.5,-0.5,-0.5,-0.5,-0.5,-1.0,-1.0,-0.5,-1.0,-0.5,-0.5,-0.5,-0.5,-0.5,-0.5,-0.5,-1,-0.5,-0.5,-0.5,-0.5,0
172,86.0,-0.5,-0.5,-1,-1.0,-0.5,-0.5,-0.5,-0.5,-0.5,1,-0.5,-0.5,-0.5,-0.5,-0.5,-1,-1.0,-0.5,1.0,1.0,-0.5,-0.5,-0.5,-1.0,-0.5,-0.5,-0.5,-0.5,-1.0,-1.0,-1.0,-1.0,-1.0,-1.0,-1.0,-1.0,-1.0,-1.0,-1.0,-1.0,-1.0,-1.0,-0.5,-1,-0.5,-0.5,-1.0,-0.5,-0.5,-0.5,-0.5,1.0,-0.5,1.0,-0.5,-0.5,1.0,1.0,-0.5,1.0,-1.0,-0.5,-0.5,1,-0.5,-0.5,-0.5,-0.5,-0.5,-1.0,-1.0,-0.5,-1.0,-0.5,-0.5,-0.5,-0.5,-0.5,-0.5,-0.5,-1,-0.5,-0.5,-0.5,-0.5,0
173,86.0,-0.5,-0.5,-1,-1.0,-0.5,-0.5,-0.5,-0.5,-0.5,1,-0.5,-0.5,-0.5,-0.5,-0.5,-1,-1.0,-0.5,1.0,1.0,-0.5,-0.5,-0.5,-1.0,-0.5,-0.5,-0.5,-0.5,-1.0,-1.0,-1.0,-1.0,-1.0,-1.0,-1.0,-1.0,-1.0,-1.0,-1.0,-1.0,-1.0,-1.0,-0.5,-1,-0.5,-0.5,-1.0,-0.5,-0.5,-0.5,-0.5,1.0,-0.5,1.0,-0.5,-0.5,1.0,1.0,-0.5,1.0,-1.0,-0.5,-0.5,1,-0.5,-0.5,-0.5,-0.5,-0.5,-1.0,-1.0,-0.5,-1.0,-0.5,-0.5,-0.5,-0.5,-0.5,-0.5,-0.5,-1,-0.5,-0.5,-0.5,-0.5,0
174,87.0,-0.5,-0.5,-1,-1.0,-0.5,-0.5,-0.5,-0.5,-0.5,1,-0.5,-0.5,-0.5,-1.0,-0.5,-1,1.0,-0.5,1.0,1.0,-0.5,-0.5,-0.5,-1.0,-0.5,-0.5,-0.5,-0.5,-1.0,-1.0,-1.0,-1.0,-1.0,-1.0,-1.0,-0.5,-1.0,-1.0,-1.0,-1.0,-1.0,-1.0,-0.5,-1,-0.5,1.0,-0.5,-0.5,-0.5,-0.5,-0.5,1.0,-0.5,-0.5,-0.5,-0.5,1.0,1.0,-0.5,-0.5,-0.5,-0.5,-0.5,1,-0.5,-0.5,-0.5,-0.5,-0.5,-1.0,-1.0,-0.5,-1.0,-0.5,-0.5,-0.5,-0.5,-0.5,-0.5,-0.5,-1,-0.5,-0.5,-0.5,-1.0,0
175,87.0,-0.5,-0.5,-1,-1.0,-0.5,-0.5,-0.5,-0.5,-0.5,1,-0.5,-0.5,-0.5,-1.0,-0.5,-1,1.0,-0.5,1.0,1.0,-0.5,-0.5,-0.5,-1.0,-0.5,-0.5,-0.5,-0.5,-1.0,-1.0,-1.0,-1.0,-1.0,-1.0,-1.0,-0.5,-1.0,-1.0,-1.0,-1.0,-1.0,-1.0,-0.5,-1,-0.5,1.0,-0.5,-0.5,-0.5,-0.5,-0.5,1.0,-0.5,-0.5,-0.5,-0.5,1.0,1.0,-0.5,-0.5,-0.5,-0.5,-0.5,1,-0.5,-0.5,-0.5,-0.5,-0.5,-1.0,-1.0,-0.5,-1.0,-0.5,-0.5,-0.5,-0.5,-0.5,-0.5,-0.5,-1,-0.5,-0.5,-0.5,-1.0,0
176,88.0,-0.5,-0.5,-1,-1.0,-0.5,-0.5,-0.5,-0.5,-0.5,1,-0.5,-0.5,-0.5,-1.0,-0.5,-1,1.0,-0.5,1.0,1.0,-0.5,-0.5,-0.5,-1.0,-0.5,-0.5,-0.5,-0.5,-1.0,-1.0,-1.0,-1.0,-1.0,-1.0,-1.0,-0.5,-1.0,-1.0,-1.0,-1.0,-1.0,-1.0,-0.5,-1,-0.5,-0.5,-1.0,-0.5,-0.5,-0.5,-0.5,1.0,-0.5,-0.5,1.0,-0.5,1.0,1.0,-0.5,-0.5,-0.5,-0.5,-0.5,1,-0.5,-0.5,1.0,-0.5,-0.5,-1.0,-1.0,-0.5,-1.0,-0.5,-0.5,-0.5,-0.5,-0.5,-0.5,-0.5,-1,-0.5,-0.5,-0.5,-1.0,0
177,88.0,-0.5,-0.5,-1,-1.0,-0.5,-0.5,-0.5,-0.5,-0.5,1,-0.5,-0.5,-0.5,-1.0,-0.5,-1,1.0,-0.5,1.0,1.0,-0.5,-0.5,-0.5,-1.0,-0.5,-0.5,-0.5,-0.5,-1.0,-1.0,-1.0,-1.0,-1.0,-1.0,-1.0,-0.5,-1.0,-1.0,-1.0,-1.0,-1.0,-1.0,-0.5,-1,-0.5,-0.5,-1.0,-0.5,-0.5,-0.5,-0.5,1.0,-0.5,-0.5,1.0,-0.5,1.0,1.0,-0.5,-0.5,-0.5,-0.5,-0.5,1,-0.5,-0.5,1.0,-0.5,-0.5,-1.0,-1.0,-0.5,-1.0,-0.5,-0.5,-0.5,-0.5,-0.5,-0.5,-0.5,-1,-0.5,-0.5,-0.5,-1.0,0
178,89.0,-0.5,-0.5,-1,-1.0,-0.5,-0.5,-0.5,-0.5,-0.5,1,-0.5,-0.5,-0.5,-1.0,-0.5,-1,1.0,-0.5,1.0,1.0,-0.5,-0.5,-0.5,-1.0,-0.5,-0.5,-0.5,-0.5,-1.0,-1.0,-1.0,-1.0,-1.0,-1.0,-1.0,-0.5,-1.0,-1.0,-1.0,-1.0,-1.0,-1.0,-0.5,-1,-0.5,-0.5,-1.0,-0.5,-0.5,-0.5,-1.0,1.0,-0.5,-0.5,1.0,-0.5,1.0,1.0,-0.5,-0.5,-0.5,-0.5,-0.5,1,-0.5,-0.5,-0.5,-0.5,-0.5,-1.0,-0.5,-0.5,-1.0,-0.5,-0.5,-0.5,-0.5,-0.5,-0.5,-0.5,-1,-0.5,-0.5,-0.5,-0.5,0
179,89.0,-0.5,-0.5,-1,-1.0,-0.5,-0.5,-0.5,-0.5,-0.5,1,-0.5,-0.5,-0.5,-1.0,-0.5,-1,1.0,-0.5,1.0,1.0,-0.5,-0.5,-0.5,-1.0,-0.5,-0.5,-0.5,-0.5,-1.0,-1.0,-1.0,-1.0,-1.0,-1.0,-1.0,-0.5,-1.0,-1.0,-1.0,-1.0,-1.0,-1.0,-0.5,-1,-0.5,-0.5,-1.0,-0.5,-0.5,-0.5,-1.0,1.0,-0.5,-0.5,1.0,-0.5,1.0,1.0,-0.5,-0.5,-0.5,-0.5,-0.5,1,-0.5,-0.5,-0.5,-0.5,-0.5,-1.0,-0.5,-0.5,-1.0,-0.5,-0.5,-0.5,-0.5,-0.5,-0.5,-0.5,-1,-0.5,-0.5,-0.5,-0.5,0
180,90.0,-0.5,-0.5,-1,-1.0,-0.5,-0.5,-0.5,-0.5,-0.5,1,-0.5,-0.5,-0.5,-1.0,-0.5,-1,1.0,-0.5,1.0,1.0,-0.5,-0.5,-0.5,-1.0,-0.5,-0.5,-0.5,-0.5,-1.0,-1.0,-1.0,-1.0,-1.0,-1.0,-1.0,-0.5,-1.0,-1.0,-1.0,-1.0,-1.0,-1.0,-0.5,-1,-1.0,-1.0,-1.0,-0.5,-0.5,-1.0,-1.0,1.0,-0.5,-0.5,1.0,-0.5,-0.5,1.0,-0.5,-0.5,-0.5,-0.5,-0.5,-1,-1.0,-0.5,-0.5,-0.5,-0.5,-0.5,-0.5,1.0,-1.0,-0.5,-0.5,-0.5,-0.5,-0.5,-0.5,-0.5,-1,-0.5,-0.5,-0.5,-1.0,0
181,90.0,-0.5,-0.5,-1,-1.0,-0.5,-0.5,-0.5,-0.5,-0.5,1,-0.5,-0.5,-0.5,-1.0,-0.5,-1,1.0,-0.5,1.0,1.0,-0.5,-0.5,-0.5,-1.0,-0.5,-0.5,-0.5,-0.5,-1.0,-1.0,-1.0,-1.0,-1.0,-1.0,-1.0,-0.5,-1.0,-1.0,-1.0,-1.0,-1.0,-1.0,-0.5,-1,-1.0,-1.0,-1.0,-0.5,-0.5,-1.0,-1.0,1.0,-0.5,-0.5,1.0,-0.5,-0.5,1.0,-0.5,-0.5,-0.5,-0.5,-0.5,-1,-1.0,-0.5,-0.5,-0.5,-0.5,-0.5,-0.5,1.0,-1.0,-0.5,-0.5,-0.5,-0.5,-0.5,-0.5,-0.5,-1,-0.5,-0.5,-0.5,-1.0,0
182,91.0,-0.5,-0.5,-1,-1.0,-0.5,-0.5,-0.5,-0.5,-0.5,1,-0.5,-0.5,-0.5,-1.0,-0.5,-1,-1.0,-0.5,1.0,1.0,-0.5,-0.5,-0.5,-1.0,-0.5,1.0,-0.5,-0.5,-1.0,-1.0,-1.0,-1.0,-1.0,-1.0,-1.0,-0.5,-1.0,-1.0,-1.0,-1.0,-1.0,-1.0,-0.5,-1,-0.5,-0.5,1.0,-0.5,-0.5,-0.5,-0.5,1.0,-0.5,1.0,1.0,-0.5,-0.5,1.0,-0.5,1.0,-0.5,-0.5,-0.5,1,-0.5,-0.5,-0.5,-0.5,-0.5,-0.5,-0.5,1.0,-1.0,-0.5,-0.5,-0.5,-0.5,-0.5,-0.5,-0.5,-1,-0.5,-0.5,-0.5,-0.5,0
183,91.0,-0.5,-0.5,-1,-1.0,-0.5,-0.5,-0.5,-0.5,-0.5,1,-0.5,-0.5,-0.5,-1.0,-0.5,-1,-1.0,-0.5,1.0,1.0,-0.5,-0.5,-0.5,-1.0,-0.5,1.0,-0.5,-0.5,-1.0,-1.0,-1.0,-1.0,-1.0,-1.0,-1.0,-0.5,-1.0,-1.0,-1.0,-1.0,-1.0,-1.0,-0.5,-1,-0.5,-0.5,1.0,-0.5,-0.5,-0.5,-0.5,1.0,-0.5,1.0,1.0,-0.5,-0.5,1.0,-0.5,1.0,-0.5,-0.5,-0.5,1,-0.5,-0.5,-0.5,-0.5,-0.5,-0.5,-0.5,1.0,-1.0,-0.5,-0.5,-0.5,-0.5,-0.5,-0.5,-0.5,-1,-0.5,-0.5,-0.5,-0.5,0
184,92.0,-0.5,-0.5,-1,-0.5,-0.5,-0.5,-0.5,-0.5,-0.5,-1,-0.5,-0.5,-0.5,-0.5,-0.5,-1,-1.0,-0.5,1.0,1.0,-0.5,-0.5,-0.5,-1.0,-0.5,-0.5,-0.5,-1.0,-1.0,-1.0,-1.0,-1.0,-1.0,-1.0,-1.0,-1.0,-1.0,-1.0,-1.0,-1.0,-1.0,-1.0,-0.5,-1,-0.5,-1.0,-0.5,-0.5,-0.5,-0.5,-0.5,1.0,-0.5,1.0,1.0,-0.5,-0.5,1.0,-0.5,1.0,-1.0,-0.5,-0.5,-1,-1.0,-0.5,-0.5,-0.5,-0.5,-1.0,-1.0,-1.0,-1.0,-0.5,-0.5,-0.5,-0.5,-0.5,-0.5,-0.5,-1,-0.5,-0.5,-0.5,-0.5,0
185,92.0,-0.5,-0.5,-1,-0.5,-0.5,-0.5,-0.5,-0.5,-0.5,-1,-0.5,-0.5,-0.5,-0.5,-0.5,-1,-1.0,-0.5,1.0,1.0,-0.5,-0.5,-0.5,-1.0,-0.5,-0.5,-0.5,-1.0,-1.0,-1.0,-1.0,-1.0,-1.0,-1.0,-1.0,-1.0,-1.0,-1.0,-1.0,-1.0,-1.0,-1.0,-0.5,-1,-0.5,-1.0,-0.5,-0.5,-0.5,-0.5,-0.5,1.0,-0.5,1.0,1.0,-0.5,-0.5,1.0,-0.5,1.0,-1.0,-0.5,-0.5,-1,-1.0,-0.5,-0.5,-0.5,-0.5,-1.0,-1.0,-1.0,-1.0,-0.5,-0.5,-0.5,-0.5,-0.5,-0.5,-0.5,-1,-0.5,-0.5,-0.5,-0.5,0
186,93.0,-0.5,-0.5,-1,-0.5,-1.0,-0.5,-0.5,-0.5,-0.5,-1,-0.5,-0.5,-0.5,-0.5,-0.5,-1,-1.0,-0.5,1.0,1.0,-0.5,-0.5,-0.5,-1.0,-0.5,-0.5,-0.5,-1.0,-1.0,-1.0,-1.0,-1.0,-1.0,-1.0,-1.0,-1.0,-1.0,-1.0,-1.0,-1.0,-1.0,-1.0,-0.5,-1,-0.5,-0.5,-0.5,-0.5,-0.5,-0.5,-0.5,1.0,1.0,1.0,-0.5,-0.5,-0.5,1.0,-0.5,1.0,-1.0,-1.0,-0.5,1,-0.5,1.0,-0.5,-0.5,-1.0,-1.0,-1.0,-1.0,-1.0,-1.0,-0.5,-0.5,-0.5,-0.5,-0.5,-0.5,-1,-1.0,-0.5,-0.5,-0.5,0
187,93.0,-0.5,-0.5,-1,-0.5,-1.0,-0.5,-0.5,-0.5,-0.5,-1,-0.5,-0.5,-0.5,-0.5,-0.5,-1,-1.0,-0.5,1.0,1.0,-0.5,-0.5,-0.5,-1.0,-0.5,-0.5,-0.5,-1.0,-1.0,-1.0,-1.0,-1.0,-1.0,-1.0,-1.0,-1.0,-1.0,-1.0,-1.0,-1.0,-1.0,-1.0,-0.5,-1,-0.5,-0.5,-0.5,-0.5,-0.5,-0.5,-0.5,1.0,1.0,1.0,-0.5,-0.5,-0.5,1.0,-0.5,1.0,-1.0,-1.0,-0.5,1,-0.5,1.0,-0.5,-0.5,-1.0,-1.0,-1.0,-1.0,-1.0,-1.0,-0.5,-0.5,-0.5,-0.5,-0.5,-0.5,-1,-1.0,-0.5,-0.5,-0.5,0
188,94.0,-0.5,-0.5,-1,-1.0,-1.0,-0.5,-0.5,-0.5,-0.5,-1,-0.5,-0.5,-0.5,-0.5,-0.5,-1,-1.0,-0.5,1.0,1.0,-0.5,-0.5,-0.5,-1.0,-0.5,-0.5,-0.5,-0.5,-1.0,-1.0,-1.0,-1.0,-1.0,-1.0,-1.0,-1.0,-1.0,-1.0,-1.0,-1.0,-1.0,-1.0,-0.5,-1,1.0,-0.5,-1.0,-0.5,-0.5,1.0,-1.0,1.0,1.0,1.0,-0.5,-0.5,-0.5,1.0,-0.5,1.0,-1.0,-1.0,-0.5,-1,-0.5,1.0,-0.5,-0.5,1.0,-0.5,-1.0,-0.5,-1.0,-1.0,-0.5,-0.5,-0.5,-0.5,-0.5,-0.5,-1,-1.0,-0.5,-0.5,-1.0,0
189,94.0,-0.5,-0.5,-1,-1.0,-1.0,-0.5,-0.5,-0.5,-0.5,-1,-0.5,-0.5,-0.5,-0.5,-0.5,-1,-1.0,-0.5,1.0,1.0,-0.5,-0.5,-0.5,-1.0,-0.5,-0.5,-0.5,-0.5,-1.0,-1.0,-1.0,-1.0,-1.0,-1.0,-1.0,-1.0,-1.0,-1.0,-1.0,-1.0,-1.0,-1.0,-0.5,-1,1.0,-0.5,-1.0,-0.5,-0.5,1.0,-1.0,1.0,1.0,1.0,-0.5,-0.5,-0.5,1.0,-0.5,1.0,-1.0,-1.0,-0.5,-1,-0.5,1.0,-0.5,-0.5,1.0,-0.5,-1.0,-0.5,-1.0,-1.0,-0.5,-0.5,-0.5,-0.5,-0.5,-0.5,-1,-1.0,-0.5,-0.5,-1.0,0
190,95.0,-0.5,-0.5,-1,-0.5,-0.5,-0.5,-0.5,-0.5,-0.5,-1,-0.5,-0.5,-0.5,-0.5,-0.5,-1,-1.0,-0.5,1.0,-0.5,-0.5,-0.5,-0.5,-1.0,-0.5,1.0,-0.5,-1.0,-1.0,-1.0,-1.0,-1.0,-1.0,-1.0,-1.0,-1.0,-1.0,-1.0,-1.0,-1.0,-1.0,-1.0,-0.5,-1,-1.0,-1.0,-0.5,-0.5,-0.5,-1.0,-0.5,1.0,1.0,1.0,-0.5,-0.5,-0.5,1.0,-0.5,1.0,-1.0,-1.0,-0.5,-1,-0.5,-1.0,-0.5,-1.0,-0.5,-0.5,-1.0,-0.5,-1.0,-0.5,-0.5,-0.5,-0.5,-0.5,-0.5,-0.5,-1,-1.0,-0.5,-0.5,-0.5,0
191,95.0,-0.5,-0.5,-1,-0.5,-0.5,-0.5,-0.5,-0.5,-0.5,-1,-0.5,-0.5,-0.5,-0.5,-0.5,-1,-1.0,-0.5,1.0,-0.5,-0.5,-0.5,-0.5,-1.0,-0.5,1.0,-0.5,-1.0,-1.0,-1.0,-1.0,-1.0,-1.0,-1.0,-1.0,-1.0,-1.0,-1.0,-1.0,-1.0,-1.0,-1.0,-0.5,-1,-1.0,-1.0,-0.5,-0.5,-0.5,-1.0,-0.5,1.0,1.0,1.0,-0.5,-0.5,-0.5,1.0,-0.5,1.0,-1.0,-1.0,-0.5,-1,-0.5,-1.0,-0.5,-1.0,-0.5,-0.5,-1.0,-0.5,-1.0,-0.5,-0.5,-0.5,-0.5,-0.5,-0.5,-0.5,-1,-1.0,-0.5,-0.5,-0.5,0
192,96.0,-0.5,-0.5,-1,-0.5,-0.5,-0.5,-0.5,-0.5,-0.5,-1,-0.5,-0.5,-0.5,-0.5,-0.5,-1,-1.0,-0.5,-0.5,-0.5,-0.5,-0.5,-0.5,-1.0,-0.5,-0.5,-0.5,-1.0,-1.0,-1.0,-1.0,-1.0,-1.0,-1.0,-1.0,-1.0,-1.0,-1.0,-1.0,-1.0,-1.0,-1.0,-0.5,-1,-0.5,-1.0,-0.5,-0.5,-0.5,-0.5,-0.5,1.0,1.0,1.0,-0.5,-0.5,-0.5,1.0,-0.5,1.0,-1.0,-1.0,-0.5,-1,-0.5,-1.0,-0.5,-1.0,-0.5,-0.5,-1.0,-0.5,-1.0,-0.5,-0.5,-0.5,-0.5,-0.5,-0.5,-0.5,-1,-1.0,-0.5,-0.5,-1.0,0
193,96.0,-0.5,-0.5,-1,-0.5,-0.5,-0.5,-0.5,-0.5,-0.5,-1,-0.5,-0.5,-0.5,-0.5,-0.5,-1,-1.0,-0.5,-0.5,-0.5,-0.5,-0.5,-0.5,-1.0,-0.5,-0.5,-0.5,-1.0,-1.0,-1.0,-1.0,-1.0,-1.0,-1.0,-1.0,-1.0,-1.0,-1.0,-1.0,-1.0,-1.0,-1.0,-0.5,-1,-0.5,-1.0,-0.5,-0.5,-0.5,-0.5,-0.5,1.0,1.0,1.0,-0.5,-0.5,-0.5,1.0,-0.5,1.0,-1.0,-1.0,-0.5,-1,-0.5,-1.0,-0.5,-1.0,-0.5,-0.5,-1.0,-0.5,-1.0,-0.5,-0.5,-0.5,-0.5,-0.5,-0.5,-0.5,-1,-1.0,-0.5,-0.5,-1.0,0
194,97.0,-0.5,-0.5,-1,-1.0,-1.0,-0.5,-0.5,-0.5,-0.5,-1,-0.5,-0.5,-0.5,-1.0,-0.5,-1,1.0,-1.0,-0.5,-0.5,-0.5,-0.5,-0.5,-1.0,-0.5,-0.5,-0.5,-0.5,-1.0,-1.0,-1.0,-1.0,-1.0,-1.0,-1.0,-1.0,-1.0,-1.0,-1.0,-1.0,-1.0,-1.0,-0.5,-1,1.0,1.0,-0.5,-0.5,-0.5,1.0,-0.5,1.0,1.0,-0.5,-0.5,-0.5,-0.5,1.0,-0.5,-0.5,-1.0,-1.0,-0.5,1,1.0,1.0,-0.5,-0.5,-0.5,-0.5,-1.0,-0.5,-1.0,-1.0,-0.5,-0.5,-0.5,-0.5,-0.5,-0.5,-1,-1.0,-0.5,-0.5,-0.5,0
195,97.0,-0.5,-0.5,-1,-1.0,-1.0,-0.5,-0.5,-0.5,-0.5,-1,-0.5,-0.5,-0.5,-1.0,-0.5,-1,1.0,-1.0,-0.5,-0.5,-0.5,-0.5,-0.5,-1.0,-0.5,-0.5,-0.5,-0.5,-1.0,-1.0,-1.0,-1.0,-1.0,-1.0,-1.0,-1.0,-1.0,-1.0,-1.0,-1.0,-1.0,-1.0,-0.5,-1,1.0,1.0,-0.5,-0.5,-0.5,1.0,-0.5,1.0,1.0,-0.5,-0.5,-0.5,-0.5,1.0,-0.5,-0.5,-1.0,-1.0,-0.5,1,1.0,1.0,-0.5,-0.5,-0.5,-0.5,-1.0,-0.5,-1.0,-1.0,-0.5,-0.5,-0.5,-0.5,-0.5,-0.5,-1,-1.0,-0.5,-0.5,-0.5,0
196,98.0,-0.5,-0.5,-1,-1.0,-1.0,-0.5,-0.5,-0.5,-0.5,-1,-0.5,-0.5,-0.5,-0.5,-0.5,-1,-1.0,-1.0,-0.5,-0.5,-0.5,-0.5,-0.5,-1.0,-0.5,-0.5,-0.5,-0.5,-1.0,-1.0,-1.0,-1.0,-1.0,-1.0,-1.0,-1.0,-1.0,-1.0,-1.0,-1.0,-1.0,-1.0,-0.5,-1,-1.0,-0.5,-1.0,-1.0,-0.5,-1.0,1.0,1.0,1.0,-0.5,-0.5,-0.5,-0.5,1.0,-0.5,-0.5,-0.5,-1.0,-0.5,-1,-0.5,1.0,-0.5,-0.5,-0.5,-0.5,-1.0,-0.5,-1.0,-1.0,-0.5,-0.5,-0.5,-0.5,-0.5,-0.5,-1,-1.0,-0.5,-0.5,-0.5,0
197,98.0,-0.5,-0.5,-1,-1.0,-1.0,-0.5,-0.5,-0.5,-0.5,-1,-0.5,-0.5,-0.5,-0.5,-0.5,-1,-1.0,-1.0,-0.5,-0.5,-0.5,-0.5,-0.5,-1.0,-0.5,-0.5,-0.5,-0.5,-1.0,-1.0,-1.0,-1.0,-1.0,-1.0,-1.0,-1.0,-1.0,-1.0,-1.0,-1.0,-1.0,-1.0,-0.5,-1,-1.0,-0.5,-1.0,-1.0,-0.5,-1.0,1.0,1.0,1.0,-0.5,-0.5,-0.5,-0.5,1.0,-0.5,-0.5,-0.5,-1.0,-0.5,-1,-0.5,1.0,-0.5,-0.5,-0.5,-0.5,-1.0,-0.5,-1.0,-1.0,-0.5,-0.5,-0.5,-0.5,-0.5,-0.5,-1,-1.0,-0.5,-0.5,-0.5,0
198,99.0,-0.5,-0.5,-1,-1.0,-0.5,-0.5,-0.5,-0.5,-0.5,-1,-0.5,-0.5,-0.5,-0.5,-0.5,-1,-1.0,-1.0,-0.5,-0.5,-0.5,-0.5,-0.5,-1.0,-0.5,1.0,-0.5,-0.5,-1.0,-1.0,-1.0,-1.0,-1.0,-1.0,-1.0,-1.0,-1.0,-1.0,-1.0,-1.0,-1.0,-1.0,-0.5,-1,-0.5,-0.5,1.0,-1.0,-0.5,-0.5,-0.5,1.0,1.0,-0.5,-0.5,-0.5,-0.5,1.0,-0.5,-0.5,-1.0,-1.0,-0.5,-1,-0.5,1.0,-0.5,1.0,-0.5,-0.5,-1.0,-0.5,-1.0,-1.0,-0.5,-0.5,-0.5,-0.5,-0.5,-0.5,-1,-1.0,-0.5,-0.5,-0.5,0
199,99.0,-0.5,-0.5,-1,-1.0,-0.5,-0.5,-0.5,-0.5,-0.5,-1,-0.5,-0.5,-0.5,-0.5,-0.5,-1,-1.0,-1.0,-0.5,-0.5,-0.5,-0.5,-0.5,-1.0,-0.5,1.0,-0.5,-0.5,-1.0,-1.0,-1.0,-1.0,-1.0,-1.0,-1.0,-1.0,-1.0,-1.0,-1.0,-1.0,-1.0,-1.0,-0.5,-1,-0.5,-0.5,1.0,-1.0,-0.5,-0.5,-0.5,1.0,1.0,-0.5,-0.5,-0.5,-0.5,1.0,-0.5,-0.5,-1.0,-1.0,-0.5,-1,-0.5,1.0,-0.5,1.0,-0.5,-0.5,-1.0,-0.5,-1.0,-1.0,-0.5,-0.5,-0.5,-0.5,-0.5,-0.5,-1,-1.0,-0.5,-0.5,-0.5,0
200,100.0,-0.5,-0.5,-1,-1.0,-0.5,-0.5,-0.5,-0.5,-0.5,-1,-0.5,-0.5,-0.5,-0.5,-0.5,-1,1.0,-1.0,-0.5,-0.5,-0.5,-0.5,-0.5,-1.0,-0.5,1.0,-0.5,-0.5,-1.0,-1.0,-1.0,-1.0,-1.0,-1.0,-1.0,-0.5,-1.0,-1.0,-1.0,-1.0,-1.0,-1.0,-0.5,-1,1.0,-0.5,-1.0,-1.0,-0.5,1.0,1.0,1.0,1.0,-0.5,1.0,-0.5,-0.5,1.0,-0.5,-0.5,-0.5,-1.0,-0.5,1,-0.5,1.0,-0.5,1.0,-0.5,-0.5,-1.0,-0.5,-1.0,-1.0,-0.5,-0.5,-0.5,-0.5,-0.5,-0.5,-1,-1.0,-0.5,-0.5,-0.5,0
201,100.0,-0.5,-0.5,-1,-1.0,-0.5,-0.5,-0.5,-0.5,-0.5,-1,-0.5,-0.5,-0.5,-0.5,-0.5,-1,1.0,-1.0,-0.5,-0.5,-0.5,-0.5,-0.5,-1.0,-0.5,1.0,-0.5,-0.5,-1.0,-1.0,-1.0,-1.0,-1.0,-1.0,-1.0,-0.5,-1.0,-1.0,-1.0,-1.0,-1.0,-1.0,-0.5,-1,1.0,-0.5,-1.0,-1.0,-0.5,1.0,1.0,1.0,1.0,-0.5,1.0,-0.5,-0.5,1.0,-0.5,-0.5,-0.5,-1.0,-0.5,1,-0.5,1.0,-0.5,1.0,-0.5,-0.5,-1.0,-0.5,-1.0,-1.0,-0.5,-0.5,-0.5,-0.5,-0.5,-0.5,-1,-1.0,-0.5,-0.5,-0.5,0
202,101.0,-0.5,-0.5,-1,-1.0,-1.0,-0.5,-0.5,-0.5,-0.5,-1,-0.5,-0.5,-0.5,-1.0,-0.5,-1,1.0,-1.0,1.0,-0.5,-0.5,-0.5,-0.5,-1.0,-0.5,1.0,-0.5,-0.5,-1.0,-1.0,-1.0,-1.0,-1.0,-1.0,-1.0,-0.5,-1.0,-1.0,-1.0,-1.0,-1.0,-1.0,-0.5,-1,-0.5,-0.5,-0.5,-0.5,-0.5,-0.5,-0.5,1.0,1.0,-0.5,1.0,-0.5,-0.5,1.0,-0.5,-0.5,-0.5,-1.0,-0.5,1,-0.5,1.0,-0.5,-0.5,-0.5,-0.5,-1.0,-0.5,-1.0,-1.0,-0.5,-0.5,-0.5,-0.5,-0.5,-0.5,-1,-1.0,-0.5,-0.5,-0.5,0
203,101.0,-0.5,-0.5,-1,-1.0,-1.0,-0.5,-0.5,-0.5,-0.5,-1,-0.5,-0.5,-0.5,-1.0,-0.5,-1,1.0,-1.0,1.0,-0.5,-0.5,-0.5,-0.5,-1.0,-0.5,1.0,-0.5,-0.5,-1.0,-1.0,-1.0,-1.0,-1.0,-1.0,-1.0,-0.5,-1.0,-1.0,-1.0,-1.0,-1.0,-1.0,-0.5,-1,-0.5,-0.5,-0.5,-0.5,-0.5,-0.5,-0.5,1.0,1.0,-0.5,1.0,-0.5,-0.5,1.0,-0.5,-0.5,-0.5,-1.0,-0.5,1,-0.5,1.0,-0.5,-0.5,-0.5,-0.5,-1.0,-0.5,-1.0,-1.0,-0.5,-0.5,-0.5,-0.5,-0.5,-0.5,-1,-1.0,-0.5,-0.5,-0.5,0
204,102.0,-0.5,-0.5,-1,-1.0,-0.5,-0.5,-0.5,-0.5,-0.5,-1,-0.5,-0.5,-0.5,-0.5,-0.5,-1,-1.0,-1.0,1.0,-0.5,-0.5,-0.5,-0.5,-1.0,-0.5,-0.5,-0.5,-1.0,-1.0,-1.0,-1.0,-1.0,-1.0,-1.0,-1.0,-0.5,-1.0,-1.0,-1.0,-1.0,-1.0,-1.0,-0.5,-1,-1.0,-1.0,-0.5,1.0,-0.5,-1.0,-0.5,1.0,1.0,-0.5,1.0,-0.5,-0.5,1.0,-0.5,-0.5,-0.5,-1.0,-0.5,-1,-1.0,-1.0,-0.5,-0.5,-0.5,-0.5,-1.0,-0.5,-1.0,-1.0,-0.5,-0.5,-0.5,-0.5,-0.5,-0.5,-1,-1.0,-0.5,-0.5,-0.5,0
205,102.0,-0.5,-0.5,-1,-1.0,-0.5,-0.5,-0.5,-0.5,-0.5,-1,-0.5,-0.5,-0.5,-0.5,-0.5,-1,-1.0,-1.0,1.0,-0.5,-0.5,-0.5,-0.5,-1.0,-0.5,-0.5,-0.5,-1.0,-1.0,-1.0,-1.0,-1.0,-1.0,-1.0,-1.0,-0.5,-1.0,-1.0,-1.0,-1.0,-1.0,-1.0,-0.5,-1,-1.0,-1.0,-0.5,1.0,-0.5,-1.0,-0.5,1.0,1.0,-0.5,1.0,-0.5,-0.5,1.0,-0.5,-0.5,-0.5,-1.0,-0.5,-1,-1.0,-1.0,-0.5,-0.5,-0.5,-0.5,-1.0,-0.5,-1.0,-1.0,-0.5,-0.5,-0.5,-0.5,-0.5,-0.5,-1,-1.0,-0.5,-0.5,-0.5,0
206,103.0,-0.5,-0.5,-1,-0.5,-0.5,-0.5,-0.5,-0.5,-0.5,-1,-0.5,-0.5,-0.5,-0.5,-0.5,-1,-1.0,-1.0,-0.5,-0.5,-0.5,-0.5,-0.5,-1.0,-0.5,-0.5,-0.5,-1.0,-1.0,-1.0,-1.0,-1.0,-1.0,-1.0,-1.0,-1.0,-1.0,-1.0,-1.0,-1.0,-1.0,-1.0,-0.5,-1,-0.5,-1.0,-0.5,-0.5,-0.5,-0.5,-0.5,1.0,1.0,1.0,1.0,-0.5,-0.5,1.0,-0.5,1.0,-1.0,-1.0,-0.5,-1,-0.5,-1.0,-0.5,-0.5,-0.5,-1.0,-1.0,-0.5,-1.0,-0.5,-0.5,-0.5,-0.5,-0.5,-0.5,-0.5,-1,-1.0,-0.5,-0.5,-0.5,0
207,103.0,-0.5,-0.5,-1,-0.5,-0.5,-0.5,-0.5,-0.5,-0.5,-1,-0.5,-0.5,-0.5,-0.5,-0.5,-1,-1.0,-1.0,-0.5,-0.5,-0.5,-0.5,-0.5,-1.0,-0.5,-0.5,-0.5,-1.0,-1.0,-1.0,-1.0,-1.0,-1.0,-1.0,-1.0,-1.0,-1.0,-1.0,-1.0,-1.0,-1.0,-1.0,-0.5,-1,-0.5,-1.0,-0.5,-0.5,-0.5,-0.5,-0.5,1.0,1.0,1.0,1.0,-0.5,-0.5,1.0,-0.5,1.0,-1.0,-1.0,-0.5,-1,-0.5,-1.0,-0.5,-0.5,-0.5,-1.0,-1.0,-0.5,-1.0,-0.5,-0.5,-0.5,-0.5,-0.5,-0.5,-0.5,-1,-1.0,-0.5,-0.5,-0.5,0
208,104.0,-0.5,-0.5,-1,-1.0,-0.5,-0.5,-0.5,-0.5,-0.5,-1,-0.5,-0.5,-0.5,-0.5,-0.5,-1,-1.0,-1.0,-0.5,-0.5,-0.5,-0.5,-0.5,-1.0,-0.5,-0.5,-0.5,-0.5,-1.0,-1.0,-1.0,-1.0,-1.0,-1.0,-1.0,-1.0,-1.0,-1.0,-1.0,-1.0,-1.0,-1.0,-0.5,-1,1.0,-0.5,-0.5,-0.5,-0.5,1.0,-0.5,1.0,1.0,1.0,1.0,-0.5,-0.5,1.0,-0.5,1.0,-1.0,-1.0,-0.5,1,-0.5,-1.0,-0.5,-0.5,-0.5,-1.0,-1.0,-0.5,-1.0,-1.0,-0.5,-0.5,-0.5,-0.5,-0.5,-0.5,-1,-1.0,-0.5,-0.5,-0.5,0
209,104.0,-0.5,-0.5,-1,-1.0,-0.5,-0.5,-0.5,-0.5,-0.5,-1,-0.5,-0.5,-0.5,-0.5,-0.5,-1,-1.0,-1.0,-0.5,-0.5,-0.5,-0.5,-0.5,-1.0,-0.5,-0.5,-0.5,-0.5,-1.0,-1.0,-1.0,-1.0,-1.0,-1.0,-1.0,-1.0,-1.0,-1.0,-1.0,-1.0,-1.0,-1.0,-0.5,-1,1.0,-0.5,-0.5,-0.5,-0.5,1.0,-0.5,1.0,1.0,1.0,1.0,-0.5,-0.5,1.0,-0.5,1.0,-1.0,-1.0,-0.5,1,-0.5,-1.0,-0.5,-0.5,-0.5,-1.0,-1.0,-0.5,-1.0,-1.0,-0.5,-0.5,-0.5,-0.5,-0.5,-0.5,-1,-1.0,-0.5,-0.5,-0.5,0
210,105.0,-0.5,-0.5,-1,-0.5,-0.5,-0.5,-0.5,-0.5,-0.5,-1,-0.5,-0.5,-0.5,-0.5,-0.5,-1,-1.0,-1.0,-0.5,-0.5,-0.5,-0.5,-0.5,-1.0,-0.5,-0.5,-0.5,-1.0,-1.0,-1.0,-1.0,-1.0,-1.0,-1.0,-1.0,-1.0,-1.0,-1.0,-1.0,-1.0,-1.0,-1.0,-0.5,-1,-1.0,-1.0,-0.5,-0.5,-0.5,-1.0,-0.5,1.0,1.0,1.0,-0.5,-0.5,-0.5,1.0,-0.5,1.0,-1.0,-1.0,-0.5,-1,-1.0,-1.0,-0.5,-0.5,-0.5,-1.0,-1.0,-0.5,-1.0,-1.0,-0.5,-0.5,-0.5,-0.5,-0.5,-0.5,-1,-1.0,-0.5,-0.5,-1.0,0
211,105.0,-0.5,-0.5,-1,-0.5,-0.5,-0.5,-0.5,-0.5,-0.5,-1,-0.5,-0.5,-0.5,-0.5,-0.5,-1,-1.0,-1.0,-0.5,-0.5,-0.5,-0.5,-0.5,-1.0,-0.5,-0.5,-0.5,-1.0,-1.0,-1.0,-1.0,-1.0,-1.0,-1.0,-1.0,-1.0,-1.0,-1.0,-1.0,-1.0,-1.0,-1.0,-0.5,-1,-1.0,-1.0,-0.5,-0.5,-0.5,-1.0,-0.5,1.0,1.0,1.0,-0.5,-0.5,-0.5,1.0,-0.5,1.0,-1.0,-1.0,-0.5,-1,-1.0,-1.0,-0.5,-0.5,-0.5,-1.0,-1.0,-0.5,-1.0,-1.0,-0.5,-0.5,-0.5,-0.5,-0.5,-0.5,-1,-1.0,-0.5,-0.5,-1.0,0
212,106.0,-0.5,-0.5,-1,-0.5,-0.5,-0.5,-0.5,-0.5,-0.5,-1,-0.5,-0.5,-0.5,-0.5,-0.5,-1,-1.0,-1.0,-0.5,-0.5,-0.5,-0.5,-0.5,-1.0,-0.5,-0.5,-0.5,-1.0,-1.0,-1.0,-1.0,-1.0,-1.0,-1.0,-1.0,-1.0,-1.0,-1.0,-1.0,-1.0,-1.0,-1.0,-0.5,-1,-0.5,-0.5,1.0,-0.5,-0.5,-0.5,1.0,1.0,1.0,1.0,-0.5,-0.5,-0.5,1.0,-0.5,1.0,-1.0,-1.0,-0.5,1,-0.5,-1.0,-0.5,-0.5,-0.5,-1.0,-1.0,-0.5,-1.0,-1.0,-0.5,-0.5,-0.5,-0.5,-0.5,-0.5,-1,-1.0,-0.5,-0.5,-0.5,0
213,106.0,-0.5,-0.5,-1,-0.5,-0.5,-0.5,-0.5,-0.5,-0.5,-1,-0.5,-0.5,-0.5,-0.5,-0.5,-1,-1.0,-1.0,-0.5,-0.5,-0.5,-0.5,-0.5,-1.0,-0.5,-0.5,-0.5,-1.0,-1.0,-1.0,-1.0,-1.0,-1.0,-1.0,-1.0,-1.0,-1.0,-1.0,-1.0,-1.0,-1.0,-1.0,-0.5,-1,-0.5,-0.5,1.0,-0.5,-0.5,-0.5,1.0,1.0,1.0,1.0,-0.5,-0.5,-0.5,1.0,-0.5,1.0,-1.0,-1.0,-0.5,1,-0.5,-1.0,-0.5,-0.5,-0.5,-1.0,-1.0,-0.5,-1.0,-1.0,-0.5,-0.5,-0.5,-0.5,-0.5,-0.5,-1,-1.0,-0.5,-0.5,-0.5,0
214,107.0,-0.5,-0.5,-1,-1.0,-0.5,-0.5,-0.5,-0.5,-0.5,-1,-0.5,-0.5,-0.5,-1.0,-0.5,-1,1.0,-1.0,-0.5,-0.5,-0.5,-0.5,-0.5,-1.0,-0.5,-0.5,-0.5,-0.5,-1.0,-1.0,-1.0,-1.0,-1.0,-1.0,-1.0,-1.0,-1.0,-1.0,-1.0,-1.0,-1.0,-1.0,-0.5,-1,1.0,1.0,-0.5,1.0,-0.5,1.0,-0.5,1.0,1.0,-0.5,-0.5,-0.5,-0.5,1.0,-0.5,-0.5,-1.0,-1.0,-0.5,1,-0.5,-1.0,-0.5,-0.5,-0.5,-0.5,-1.0,-0.5,-1.0,-1.0,-0.5,-0.5,-0.5,-0.5,-0.5,-0.5,-1,-1.0,-0.5,-0.5,-1.0,0
215,107.0,-0.5,-0.5,-1,-1.0,-0.5,-0.5,-0.5,-0.5,-0.5,-1,-0.5,-0.5,-0.5,-1.0,-0.5,-1,1.0,-1.0,-0.5,-0.5,-0.5,-0.5,-0.5,-1.0,-0.5,-0.5,-0.5,-0.5,-1.0,-1.0,-1.0,-1.0,-1.0,-1.0,-1.0,-1.0,-1.0,-1.0,-1.0,-1.0,-1.0,-1.0,-0.5,-1,1.0,1.0,-0.5,1.0,-0.5,1.0,-0.5,1.0,1.0,-0.5,-0.5,-0.5,-0.5,1.0,-0.5,-0.5,-1.0,-1.0,-0.5,1,-0.5,-1.0,-0.5,-0.5,-0.5,-0.5,-1.0,-0.5,-1.0,-1.0,-0.5,-0.5,-0.5,-0.5,-0.5,-0.5,-1,-1.0,-0.5,-0.5,-1.0,0
216,108.0,-0.5,-0.5,-1,-1.0,-0.5,-0.5,-0.5,-0.5,-0.5,-1,-0.5,-0.5,-0.5,-1.0,-0.5,-1,1.0,-1.0,-0.5,-0.5,-0.5,-0.5,-0.5,-1.0,-0.5,-0.5,-0.5,-0.5,-1.0,-0.5,-1.0,-1.0,-1.0,-1.0,-1.0,-0.5,-1.0,-1.0,-1.0,-1.0,-1.0,-1.0,-0.5,-1,-0.5,1.0,-0.5,1.0,-0.5,-0.5,-0.5,1.0,1.0,-0.5,1.0,-0.5,-0.5,1.0,-0.5,-0.5,-0.5,-1.0,-0.5,1,-0.5,1.0,-0.5,1.0,-0.5,-0.5,-1.0,-0.5,-1.0,-1.0,-0.5,-0.5,-0.5,-0.5,-0.5,-0.5,-1,-1.0,-0.5,-0.5,-1.0,0
217,108.0,-0.5,-0.5,-1,-1.0,-0.5,-0.5,-0.5,-0.5,-0.5,-1,-0.5,-0.5,-0.5,-1.0,-0.5,-1,1.0,-1.0,-0.5,-0.5,-0.5,-0.5,-0.5,-1.0,-0.5,-0.5,-0.5,-0.5,-1.0,-0.5,-1.0,-1.0,-1.0,-1.0,-1.0,-0.5,-1.0,-1.0,-1.0,-1.0,-1.0,-1.0,-0.5,-1,-0.5,1.0,-0.5,1.0,-0.5,-0.5,-0.5,1.0,1.0,-0.5,1.0,-0.5,-0.5,1.0,-0.5,-0.5,-0.5,-1.0,-0.5,1,-0.5,1.0,-0.5,1.0,-0.5,-0.5,-1.0,-0.5,-1.0,-1.0,-0.5,-0.5,-0.5,-0.5,-0.5,-0.5,-1,-1.0,-0.5,-0.5,-1.0,0
218,109.0,-0.5,-0.5,-1,-1.0,-0.5,-0.5,-0.5,-0.5,-0.5,-1,-0.5,1.0,-0.5,1.0,-1.0,1,1.0,-1.0,1.0,-0.5,-0.5,-0.5,-0.5,-0.5,1.0,-0.5,-0.5,-0.5,-1.0,-0.5,-1.0,-1.0,-1.0,-1.0,-1.0,-0.5,-1.0,-1.0,-1.0,-1.0,-1.0,-1.0,-0.5,-1,-0.5,-0.5,-0.5,-0.5,-0.5,-0.5,-0.5,1.0,1.0,-0.5,1.0,-0.5,-0.5,1.0,-0.5,-0.5,-0.5,-1.0,-0.5,1,-0.5,1.0,-0.5,-0.5,-0.5,-0.5,-1.0,-0.5,-1.0,-1.0,-0.5,-0.5,-0.5,-0.5,-0.5,-0.5,-1,-1.0,-0.5,-0.5,-0.5,0
219,109.0,-0.5,-0.5,-1,-1.0,-0.5,-0.5,-0.5,-0.5,-0.5,-1,-0.5,1.0,-0.5,1.0,-1.0,1,1.0,-1.0,1.0,-0.5,-0.5,-0.5,-0.5,-0.5,1.0,-0.5,-0.5,-0.5,-1.0,-0.5,-1.0,-1.0,-1.0,-1.0,-1.0,-0.5,-1.0,-1.0,-1.0,-1.0,-1.0,-1.0,-0.5,-1,-0.5,-0.5,-0.5,-0.5,-0.5,-0.5,-0.5,1.0,1.0,-0.5,1.0,-0.5,-0.5,1.0,-0.5,-0.5,-0.5,-1.0,-0.5,1,-0.5,1.0,-0.5,-0.5,-0.5,-0.5,-1.0,-0.5,-1.0,-1.0,-0.5,-0.5,-0.5,-0.5,-0.5,-0.5,-1,-1.0,-0.5,-0.5,-0.5,0
220,110.0,-0.5,-0.5,-1,-1.0,-1.0,-0.5,-0.5,-0.5,-0.5,-1,-0.5,1.0,-0.5,1.0,-1.0,1,1.0,-1.0,1.0,1.0,-0.5,-0.5,-0.5,-0.5,1.0,-0.5,-0.5,1.0,-1.0,1.0,-1.0,-1.0,-0.5,-1.0,-1.0,-0.5,-1.0,-1.0,-1.0,-1.0,-1.0,-1.0,-0.5,-1,-0.5,-0.5,-0.5,-1.0,-0.5,-0.5,-0.5,1.0,1.0,-0.5,1.0,-0.5,-0.5,1.0,1.0,-0.5,-0.5,-1.0,-0.5,1,-0.5,1.0,-0.5,-0.5,-0.5,1.0,-0.5,1.0,-1.0,-1.0,-0.5,-0.5,-0.5,-0.5,-0.5,-0.5,-1,-1.0,-0.5,-0.5,-1.0,0
221,110.0,-0.5,-0.5,-1,-1.0,-1.0,-0.5,-0.5,-0.5,-0.5,-1,-0.5,1.0,-0.5,1.0,-1.0,1,1.0,-1.0,1.0,1.0,-0.5,-0.5,-0.5,-0.5,1.0,-0.5,-0.5,1.0,-1.0,1.0,-1.0,-1.0,-0.5,-1.0,-1.0,-0.5,-1.0,-1.0,-1.0,-1.0,-1.0,-1.0,-0.5,-1,-0.5,-0.5,-0.5,-1.0,-0.5,-0.5,-0.5,1.0,1.0,-0.5,1.0,-0.5,-0.5,1.0,1.0,-0.5,-0.5,-1.0,-0.5,1,-0.5,1.0,-0.5,-0.5,-0.5,1.0,-0.5,1.0,-1.0,-1.0,-0.5,-0.5,-0.5,-0.5,-0.5,-0.5,-1,-1.0,-0.5,-0.5,-1.0,0
222,111.0,-0.5,-0.5,-1,-1.0,-0.5,-0.5,-0.5,-0.5,-0.5,-1,-0.5,-0.5,-0.5,-0.5,-1.0,1,1.0,-1.0,1.0,1.0,-0.5,-0.5,-0.5,-0.5,1.0,-0.5,-0.5,1.0,-1.0,1.0,-1.0,-1.0,-0.5,-1.0,-1.0,-0.5,-1.0,-1.0,-1.0,-1.0,-1.0,-1.0,-0.5,-1,-1.0,-0.5,1.0,1.0,-0.5,-1.0,1.0,1.0,1.0,1.0,1.0,-0.5,-0.5,1.0,1.0,1.0,-1.0,-1.0,-0.5,-1,-0.5,1.0,1.0,-0.5,-0.5,-0.5,-1.0,-1.0,-1.0,-1.0,-0.5,-0.5,-0.5,-0.5,1.0,-0.5,1,-1.0,-0.5,1.0,-1.0,0
223,111.0,-0.5,-0.5,-1,-1.0,-0.5,-0.5,-0.5,-0.5,-0.5,-1,-0.5,-0.5,-0.5,-0.5,-1.0,1,1.0,-1.0,1.0,1.0,-0.5,-0.5,-0.5,-0.5,1.0,-0.5,-0.5,1.0,-1.0,1.0,-1.0,-1.0,-0.5,-1.0,-1.0,-0.5,-1.0,-1.0,-1.0,-1.0,-1.0,-1.0,-0.5,-1,-1.0,-0.5,1.0,1.0,-0.5,-1.0,1.0,1.0,1.0,1.0,1.0,-0.5,-0.5,1.0,1.0,1.0,-1.0,-1.0,-0.5,-1,-0.5,1.0,1.0,-0.5,-0.5,-0.5,-1.0,-1.0,-1.0,-1.0,-0.5,-0.5,-0.5,-0.5,1.0,-0.5,1,-1.0,-0.5,1.0,-1.0,0
224,112.0,-0.5,-0.5,-1,-1.0,-0.5,-0.5,-0.5,-0.5,-0.5,-1,-0.5,-0.5,-0.5,1.0,-1.0,1,1.0,-1.0,1.0,1.0,-0.5,-0.5,-0.5,-0.5,-0.5,-0.5,-0.5,-0.5,-1.0,-0.5,-1.0,-1.0,-1.0,-1.0,-1.0,-0.5,-1.0,-1.0,-1.0,-1.0,-1.0,-1.0,-0.5,-1,1.0,-0.5,-0.5,1.0,-0.5,1.0,-0.5,1.0,1.0,1.0,1.0,-0.5,-0.5,1.0,1.0,1.0,-0.5,-1.0,-0.5,-1,-0.5,-1.0,-0.5,-1.0,-0.5,-0.5,-1.0,-1.0,-1.0,-1.0,-0.5,-0.5,-0.5,-0.5,1.0,-0.5,1,-1.0,-0.5,1.0,-1.0,0
225,112.0,-0.5,-0.5,-1,-1.0,-0.5,-0.5,-0.5,-0.5,-0.5,-1,-0.5,-0.5,-0.5,1.0,-1.0,1,1.0,-1.0,1.0,1.0,-0.5,-0.5,-0.5,-0.5,-0.5,-0.5,-0.5,-0.5,-1.0,-0.5,-1.0,-1.0,-1.0,-1.0,-1.0,-0.5,-1.0,-1.0,-1.0,-1.0,-1.0,-1.0,-0.5,-1,1.0,-0.5,-0.5,1.0,-0.5,1.0,-0.5,1.0,1.0,1.0,1.0,-0.5,-0.5,1.0,1.0,1.0,-0.5,-1.0,-0.5,-1,-0.5,-1.0,-0.5,-1.0,-0.5,-0.5,-1.0,-1.0,-1.0,-1.0,-0.5,-0.5,-0.5,-0.5,1.0,-0.5,1,-1.0,-0.5,1.0,-1.0,0
226,113.0,-0.5,-0.5,-1,-1.0,-0.5,-0.5,-0.5,-0.5,-0.5,-1,-0.5,-0.5,-0.5,1.0,-1.0,1,1.0,-1.0,1.0,1.0,-0.5,-0.5,-0.5,-0.5,-0.5,-0.5,-0.5,-0.5,-1.0,-0.5,-1.0,-1.0,-1.0,-1.0,-1.0,-0.5,-1.0,-1.0,-1.0,-1.0,-1.0,-1.0,-0.5,-1,-1.0,-0.5,-0.5,-0.5,-0.5,-1.0,-0.5,1.0,1.0,1.0,1.0,-0.5,-0.5,1.0,1.0,1.0,-0.5,-1.0,-0.5,-1,-0.5,-1.0,-0.5,-0.5,-0.5,-0.5,-1.0,-0.5,-1.0,-1.0,-0.5,-0.5,-0.5,-0.5,1.0,-0.5,1,-1.0,-0.5,-0.5,-0.5,0
227,113.0,-0.5,-0.5,-1,-1.0,-0.5,-0.5,-0.5,-0.5,-0.5,-1,-0.5,-0.5,-0.5,1.0,-1.0,1,1.0,-1.0,1.0,1.0,-0.5,-0.5,-0.5,-0.5,-0.5,-0.5,-0.5,-0.5,-1.0,-0.5,-1.0,-1.0,-1.0,-1.0,-1.0,-0.5,-1.0,-1.0,-1.0,-1.0,-1.0,-1.0,-0.5,-1,-1.0,-0.5,-0.5,-0.5,-0.5,-1.0,-0.5,1.0,1.0,1.0,1.0,-0.5,-0.5,1.0,1.0,1.0,-0.5,-1.0,-0.5,-1,-0.5,-1.0,-0.5,-0.5,-0.5,-0.5,-1.0,-0.5,-1.0,-1.0,-0.5,-0.5,-0.5,-0.5,1.0,-0.5,1,-1.0,-0.5,-0.5,-0.5,0
228,114.0,-0.5,-0.5,-1,-1.0,-0.5,-0.5,-0.5,-0.5,-0.5,-1,-0.5,-0.5,-0.5,1.0,-1.0,1,1.0,-1.0,1.0,1.0,-0.5,-0.5,-0.5,-0.5,-0.5,-0.5,-0.5,-0.5,-1.0,-1.0,-1.0,-1.0,-1.0,-1.0,-1.0,-0.5,-1.0,-1.0,-1.0,-1.0,-1.0,-1.0,-0.5,-1,-0.5,-0.5,-1.0,-0.5,-0.5,-0.5,-1.0,1.0,1.0,-0.5,1.0,-0.5,-0.5,1.0,1.0,-0.5,-0.5,-1.0,-0.5,-1,-0.5,-1.0,-0.5,-1.0,-0.5,-0.5,-1.0,-0.5,-1.0,-1.0,-0.5,-0.5,-0.5,-0.5,1.0,-0.5,1,-1.0,-0.5,-0.5,-0.5,0
229,114.0,-0.5,-0.5,-1,-1.0,-0.5,-0.5,-0.5,-0.5,-0.5,-1,-0.5,-0.5,-0.5,1.0,-1.0,1,1.0,-1.0,1.0,1.0,-0.5,-0.5,-0.5,-0.5,-0.5,-0.5,-0.5,-0.5,-1.0,-1.0,-1.0,-1.0,-1.0,-1.0,-1.0,-0.5,-1.0,-1.0,-1.0,-1.0,-1.0,-1.0,-0.5,-1,-0.5,-0.5,-1.0,-0.5,-0.5,-0.5,-1.0,1.0,1.0,-0.5,1.0,-0.5,-0.5,1.0,1.0,-0.5,-0.5,-1.0,-0.5,-1,-0.5,-1.0,-0.5,-1.0,-0.5,-0.5,-1.0,-0.5,-1.0,-1.0,-0.5,-0.5,-0.5,-0.5,1.0,-0.5,1,-1.0,-0.5,-0.5,-0.5,0
230,115.0,-0.5,-0.5,-1,-1.0,-0.5,-0.5,-0.5,-0.5,-0.5,-1,-0.5,-0.5,-0.5,1.0,-1.0,1,-1.0,-1.0,1.0,1.0,-0.5,-0.5,-0.5,-0.5,-0.5,-0.5,-0.5,-0.5,-1.0,-1.0,-1.0,-1.0,-1.0,-1.0,-1.0,-0.5,-1.0,-1.0,-1.0,-1.0,-1.0,-1.0,-0.5,-1,-0.5,-1.0,-0.5,-0.5,-0.5,-0.5,-0.5,1.0,1.0,1.0,1.0,-0.5,-0.5,1.0,1.0,1.0,-0.5,-1.0,-0.5,-1,-0.5,-1.0,-0.5,-0.5,-0.5,-0.5,-1.0,-0.5,-1.0,-1.0,-0.5,-0.5,-0.5,-0.5,1.0,-0.5,1,-1.0,-0.5,-0.5,-0.5,1
231,115.0,-0.5,-0.5,-1,-1.0,-0.5,-0.5,-0.5,-0.5,-0.5,-1,-0.5,-0.5,-0.5,1.0,-1.0,1,-1.0,-1.0,1.0,1.0,-0.5,-0.5,-0.5,-0.5,-0.5,-0.5,-0.5,-0.5,-1.0,-1.0,-1.0,-1.0,-1.0,-1.0,-1.0,-0.5,-1.0,-1.0,-1.0,-1.0,-1.0,-1.0,-0.5,-1,-0.5,-1.0,-0.5,-0.5,-0.5,-0.5,-0.5,1.0,1.0,1.0,1.0,-0.5,-0.5,1.0,1.0,1.0,-0.5,-1.0,-0.5,-1,-0.5,-1.0,-0.5,-0.5,-0.5,-0.5,-1.0,-0.5,-1.0,-1.0,-0.5,-0.5,-0.5,-0.5,1.0,-0.5,1,-1.0,-0.5,-0.5,-0.5,1
