,action,result,chart_index,symbol,indicator
0,sell,0.004572672,5.0,EURCHF,ema_10_slope
1,sell,0.004572672,6.0,EURCHF,ema_10_slope
2,sell,0.004572672,7.0,EURCHF,ema_10_slope
3,sell,0.004572672,8.0,EURCHF,ema_10_slope
4,sell,-0.004822740000000001,9.0,EURCHF,ema_10_slope
5,sell,-0.004822740000000001,10.0,EURCHF,ema_10_slope
6,sell,-0.004822740000000001,11.0,EURCHF,ema_10_slope
7,sell,-0.004822740000000001,12.0,EURCHF,ema_10_slope
8,sell,-0.004822740000000001,13.0,EURCHF,ema_10_slope
9,sell,-0.004822740000000001,14.0,EURCHF,ema_10_slope
10,sell,-0.004822740000000001,15.0,EURCHF,ema_10_slope
11,sell,0.004572672,20.0,EURCHF,ema_10_slope
12,sell,0.004572672,21.0,EURCHF,ema_10_slope
13,sell,0.004572672,22.0,EURCHF,ema_10_slope
14,buy,-0.004822740000000001,25.0,EURCHF,ema_10_slope
15,buy,-0.004822740000000001,26.0,EURCHF,ema_10_slope
16,buy,-0.004822740000000001,27.0,EURCHF,ema_10_slope
17,buy,-0.004822740000000001,28.0,EURCHF,ema_10_slope
18,buy,-0.004822740000000001,29.0,EURCHF,ema_10_slope
19,sell,0.004572672,35.0,EURCHF,ema_10_slope
20,sell,0.004572672,36.0,EURCHF,ema_10_slope
21,buy,-0.004822740000000001,39.0,EURCHF,ema_10_slope
22,buy,-0.004822740000000001,40.0,EURCHF,ema_10_slope
23,buy,-0.004822740000000001,41.0,EURCHF,ema_10_slope
24,buy,-0.004822740000000001,51.0,EURCHF,ema_10_slope
25,buy,-0.004822740000000001,52.0,EURCHF,ema_10_slope
26,buy,-0.004822740000000001,53.0,EURCHF,ema_10_slope
27,buy,-0.004822740000000001,54.0,EURCHF,ema_10_slope
28,buy,-0.004822740000000001,55.0,EURCHF,ema_10_slope
29,buy,-0.004822740000000001,56.0,EURCHF,ema_10_slope
30,buy,-0.004822740000000001,57.0,EURCHF,ema_10_slope
31,buy,-0.004822740000000001,58.0,EURCHF,ema_10_slope
32,buy,-0.004822740000000001,59.0,EURCHF,ema_10_slope
33,buy,-0.004822740000000001,63.0,EURCHF,ema_10_slope
34,sell,0.004572672,66.0,EURCHF,ema_10_slope
35,sell,0.004572672,67.0,EURCHF,ema_10_slope
36,sell,0.004572672,68.0,EURCHF,ema_10_slope
37,sell,0.004572672,69.0,EURCHF,ema_10_slope
38,sell,0.004572672,70.0,EURCHF,ema_10_slope
39,sell,0.004572672,71.0,EURCHF,ema_10_slope
40,sell,0.004572672,72.0,EURCHF,ema_10_slope
41,sell,0.004572672,77.0,EURCHF,ema_10_slope
42,sell,0.004572672,78.0,EURCHF,ema_10_slope
43,sell,-0.004822740000000001,79.0,EURCHF,ema_10_slope
44,sell,-0.004822740000000001,80.0,EURCHF,ema_10_slope
45,sell,-0.004822740000000001,81.0,EURCHF,ema_10_slope
46,sell,0.004572672,82.0,EURCHF,ema_10_slope
47,sell,0.004572672,83.0,EURCHF,ema_10_slope
48,sell,0.004572672,84.0,EURCHF,ema_10_slope
49,sell,0.004572672,85.0,EURCHF,ema_10_slope
50,sell,0.004572672,86.0,EURCHF,ema_10_slope
51,sell,0.004572672,87.0,EURCHF,ema_10_slope
52,sell,0.004572672,88.0,EURCHF,ema_10_slope
53,sell,0.004572672,89.0,EURCHF,ema_10_slope
54,sell,0.004572672,90.0,EURCHF,ema_10_slope
55,sell,0.004572672,91.0,EURCHF,ema_10_slope
56,sell,0.004572672,92.0,EURCHF,ema_10_slope
57,sell,0.004572672,93.0,EURCHF,ema_10_slope
58,sell,0.004572672,94.0,EURCHF,ema_10_slope
59,sell,0.004572672,95.0,EURCHF,ema_10_slope
60,sell,0.004572672,96.0,EURCHF,ema_10_slope
61,buy,-0.004822740000000001,99.0,EURCHF,ema_10_slope
62,buy,-0.004822740000000001,100.0,EURCHF,ema_10_slope
63,buy,-0.004822740000000001,101.0,EURCHF,ema_10_slope
64,buy,-0.004822740000000001,102.0,EURCHF,ema_10_slope
65,buy,-0.004822740000000001,103.0,EURCHF,ema_10_slope
66,buy,-0.004822740000000001,104.0,EURCHF,ema_10_slope
67,sell,-0.004822740000000001,107.0,EURCHF,ema_10_slope
68,sell,-0.004822740000000001,108.0,EURCHF,ema_10_slope
69,sell,-0.004822740000000001,109.0,EURCHF,ema_10_slope
70,sell,-0.004822740000000001,110.0,EURCHF,ema_10_slope
71,sell,-0.004822740000000001,111.0,EURCHF,ema_10_slope
72,sell,-0.004822740000000001,112.0,EURCHF,ema_10_slope
73,sell,-0.004822740000000001,113.0,EURCHF,ema_10_slope
74,sell,-0.004822740000000001,114.0,EURCHF,ema_10_slope
75,sell,-0.004822740000000001,115.0,EURCHF,ema_10_slope
76,sell,-0.004822740000000001,116.0,EURCHF,ema_10_slope
77,sell,-0.004822740000000001,117.0,EURCHF,ema_10_slope
78,buy,0.004572672,127.0,EURCHF,ema_10_slope
79,buy,0.004572672,131.0,EURCHF,ema_10_slope
80,buy,0.004572672,132.0,EURCHF,ema_10_slope
81,buy,0.004572672,133.0,EURCHF,ema_10_slope
82,buy,0.004572672,134.0,EURCHF,ema_10_slope
83,buy,0.004572672,135.0,EURCHF,ema_10_slope
84,buy,0.004572672,136.0,EURCHF,ema_10_slope
85,buy,0.004572672,137.0,EURCHF,ema_10_slope
86,buy,0.004572672,138.0,EURCHF,ema_10_slope
87,buy,0.004572672,139.0,EURCHF,ema_10_slope
88,buy,0.004572672,140.0,EURCHF,ema_10_slope
89,buy,0.004572672,141.0,EURCHF,ema_10_slope
90,buy,0.004572672,142.0,EURCHF,ema_10_slope
91,buy,0.004572672,143.0,EURCHF,ema_10_slope
92,buy,0.004572672,150.0,EURCHF,ema_10_slope
93,buy,0.004572672,151.0,EURCHF,ema_10_slope
94,buy,0.004572672,152.0,EURCHF,ema_10_slope
95,buy,0.004572672,153.0,EURCHF,ema_10_slope
96,buy,-0.004822740000000001,154.0,EURCHF,ema_10_slope
97,buy,-0.004822740000000001,155.0,EURCHF,ema_10_slope
98,buy,-0.004822740000000001,156.0,EURCHF,ema_10_slope
99,buy,-0.004822740000000001,157.0,EURCHF,ema_10_slope
100,buy,-0.004822740000000001,158.0,EURCHF,ema_10_slope
101,buy,-0.004822740000000001,159.0,EURCHF,ema_10_slope
102,buy,-0.004822740000000001,160.0,EURCHF,ema_10_slope
103,buy,-0.004822740000000001,161.0,EURCHF,ema_10_slope
104,buy,-0.004822740000000001,162.0,EURCHF,ema_10_slope
105,buy,-0.004822740000000001,163.0,EURCHF,ema_10_slope
106,buy,-0.004822740000000001,164.0,EURCHF,ema_10_slope
107,buy,-0.004822740000000001,165.0,EURCHF,ema_10_slope
108,buy,-0.004822740000000001,166.0,EURCHF,ema_10_slope
109,buy,-0.004822740000000001,167.0,EURCHF,ema_10_slope
110,sell,-0.004822740000000001,170.0,EURCHF,ema_10_slope
111,sell,-0.004822740000000001,171.0,EURCHF,ema_10_slope
112,sell,-0.004822740000000001,172.0,EURCHF,ema_10_slope
113,sell,-0.004822740000000001,173.0,EURCHF,ema_10_slope
114,sell,-0.004822740000000001,174.0,EURCHF,ema_10_slope
115,sell,-0.004822740000000001,175.0,EURCHF,ema_10_slope
116,sell,-0.004822740000000001,176.0,EURCHF,ema_10_slope
117,sell,-0.004822740000000001,177.0,EURCHF,ema_10_slope
118,sell,-0.004822740000000001,178.0,EURCHF,ema_10_slope
119,sell,-0.004822740000000001,179.0,EURCHF,ema_10_slope
120,sell,-0.004822740000000001,180.0,EURCHF,ema_10_slope
121,sell,-0.004822740000000001,181.0,EURCHF,ema_10_slope
122,sell,-0.004822740000000001,182.0,EURCHF,ema_10_slope
123,sell,-0.004822740000000001,183.0,EURCHF,ema_10_slope
124,sell,-0.004822740000000001,184.0,EURCHF,ema_10_slope
125,sell,-0.004822740000000001,185.0,EURCHF,ema_10_slope
126,sell,-0.004822740000000001,186.0,EURCHF,ema_10_slope
127,sell,-0.004822740000000001,187.0,EURCHF,ema_10_slope
128,buy,0.004572672,190.0,EURCHF,ema_10_slope
129,buy,0.004572672,195.0,EURCHF,ema_10_slope
130,buy,0.004572672,196.0,EURCHF,ema_10_slope
131,buy,0.004572672,197.0,EURCHF,ema_10_slope
132,buy,0.004572672,201.0,EURCHF,ema_10_slope
133,buy,0.004572672,202.0,EURCHF,ema_10_slope
134,buy,0.004572672,203.0,EURCHF,ema_10_slope
135,buy,0.004572672,204.0,EURCHF,ema_10_slope
136,buy,0.004572672,205.0,EURCHF,ema_10_slope
137,buy,0.004572672,206.0,EURCHF,ema_10_slope
138,buy,0.004572672,207.0,EURCHF,ema_10_slope
139,buy,0.004572672,208.0,EURCHF,ema_10_slope
140,buy,0.004572672,209.0,EURCHF,ema_10_slope
141,sell,-0.004822740000000001,212.0,EURCHF,ema_10_slope
142,sell,-0.004822740000000001,213.0,EURCHF,ema_10_slope
143,sell,-0.004822740000000001,214.0,EURCHF,ema_10_slope
144,sell,-0.004822740000000001,221.0,EURCHF,ema_10_slope
145,sell,-0.004822740000000001,222.0,EURCHF,ema_10_slope
146,sell,-0.004822740000000001,223.0,EURCHF,ema_10_slope
147,buy,0.004572672,226.0,EURCHF,ema_10_slope
148,buy,0.004572672,227.0,EURCHF,ema_10_slope
149,buy,0.004572672,228.0,EURCHF,ema_10_slope
150,buy,0.004572672,229.0,EURCHF,ema_10_slope
151,buy,0.004572672,230.0,EURCHF,ema_10_slope
152,buy,0.004572672,231.0,EURCHF,ema_10_slope
153,buy,0.004572672,232.0,EURCHF,ema_10_slope
154,buy,0.004572672,233.0,EURCHF,ema_10_slope
155,buy,0.004572672,234.0,EURCHF,ema_10_slope
156,buy,0.004572672,235.0,EURCHF,ema_10_slope
157,buy,0.004572672,240.0,EURCHF,ema_10_slope
158,buy,0.004572672,241.0,EURCHF,ema_10_slope
159,buy,0.004572672,242.0,EURCHF,ema_10_slope
160,buy,0.004572672,243.0,EURCHF,ema_10_slope
161,buy,0.004572672,244.0,EURCHF,ema_10_slope
162,buy,0.004572672,245.0,EURCHF,ema_10_slope
163,buy,0.004572672,246.0,EURCHF,ema_10_slope
164,buy,0.004572672,247.0,EURCHF,ema_10_slope
165,buy,0.004572672,248.0,EURCHF,ema_10_slope
166,buy,0.004572672,249.0,EURCHF,ema_10_slope
167,buy,0.004572672,250.0,EURCHF,ema_10_slope
168,buy,0.004572672,251.0,EURCHF,ema_10_slope
169,buy,0.004572672,258.0,EURCHF,ema_10_slope
170,buy,0.004572672,259.0,EURCHF,ema_10_slope
171,buy,0.004572672,260.0,EURCHF,ema_10_slope
172,buy,0.004572672,261.0,EURCHF,ema_10_slope
173,buy,0.004572672,262.0,EURCHF,ema_10_slope
174,buy,0.004572672,263.0,EURCHF,ema_10_slope
175,buy,0.004572672,269.0,EURCHF,ema_10_slope
176,buy,0.004572672,270.0,EURCHF,ema_10_slope
177,buy,0.004572672,271.0,EURCHF,ema_10_slope
178,buy,0.004572672,272.0,EURCHF,ema_10_slope
179,buy,0.004572672,273.0,EURCHF,ema_10_slope
180,buy,0.004572672,274.0,EURCHF,ema_10_slope
181,buy,0.004572672,275.0,EURCHF,ema_10_slope
182,buy,0.004572672,276.0,EURCHF,ema_10_slope
183,buy,0.004572672,277.0,EURCHF,ema_10_slope
184,buy,0.004572672,278.0,EURCHF,ema_10_slope
185,buy,0.004572672,279.0,EURCHF,ema_10_slope
186,buy,0.004572672,280.0,EURCHF,ema_10_slope
187,buy,0.004572672,281.0,EURCHF,ema_10_slope
188,sell,-0.004822740000000001,284.0,EURCHF,ema_10_slope
189,sell,-0.004822740000000001,285.0,EURCHF,ema_10_slope
190,sell,-0.004822740000000001,286.0,EURCHF,ema_10_slope
191,sell,-0.004822740000000001,287.0,EURCHF,ema_10_slope
192,buy,0.004572672,290.0,EURCHF,ema_10_slope
193,buy,-0.004822740000000001,291.0,EURCHF,ema_10_slope
194,buy,-0.004822740000000001,292.0,EURCHF,ema_10_slope
195,buy,-0.004822740000000001,293.0,EURCHF,ema_10_slope
196,buy,-0.004822740000000001,294.0,EURCHF,ema_10_slope
197,buy,0.004572672,295.0,EURCHF,ema_10_slope
198,buy,-0.004822740000000001,296.0,EURCHF,ema_10_slope
199,buy,-0.004822740000000001,297.0,EURCHF,ema_10_slope
200,buy,0.004572672,298.0,EURCHF,ema_10_slope
201,buy,-0.004822740000000001,299.0,EURCHF,ema_10_slope
202,buy,-0.004822740000000001,300.0,EURCHF,ema_10_slope
203,buy,-0.004822740000000001,301.0,EURCHF,ema_10_slope
204,buy,-0.004822740000000001,302.0,EURCHF,ema_10_slope
205,buy,-0.004822740000000001,303.0,EURCHF,ema_10_slope
206,buy,-0.004822740000000001,304.0,EURCHF,ema_10_slope
207,buy,-0.004822740000000001,305.0,EURCHF,ema_10_slope
208,buy,-0.004822740000000001,306.0,EURCHF,ema_10_slope
209,buy,-0.004822740000000001,307.0,EURCHF,ema_10_slope
210,sell,0.004572672,310.0,EURCHF,ema_10_slope
211,sell,-0.004822740000000001,311.0,EURCHF,ema_10_slope
212,sell,-0.004822740000000001,312.0,EURCHF,ema_10_slope
213,sell,-0.004822740000000001,313.0,EURCHF,ema_10_slope
214,sell,-0.004822740000000001,314.0,EURCHF,ema_10_slope
215,sell,-0.004822740000000001,315.0,EURCHF,ema_10_slope
216,sell,-0.004822740000000001,316.0,EURCHF,ema_10_slope
217,sell,-0.004822740000000001,317.0,EURCHF,ema_10_slope
218,sell,-0.004822740000000001,318.0,EURCHF,ema_10_slope
219,sell,-0.004822740000000001,319.0,EURCHF,ema_10_slope
220,sell,-0.004822740000000001,320.0,EURCHF,ema_10_slope
221,sell,-0.004822740000000001,321.0,EURCHF,ema_10_slope
222,sell,-0.004822740000000001,322.0,EURCHF,ema_10_slope
223,sell,-0.004822740000000001,323.0,EURCHF,ema_10_slope
224,sell,-0.004822740000000001,324.0,EURCHF,ema_10_slope
225,buy,0.004572672,327.0,EURCHF,ema_10_slope
226,buy,0.004572672,328.0,EURCHF,ema_10_slope
227,sell,-0.004822740000000001,333.0,EURCHF,ema_10_slope
228,sell,-0.004822740000000001,334.0,EURCHF,ema_10_slope
229,sell,-0.004822740000000001,335.0,EURCHF,ema_10_slope
230,sell,-0.004822740000000001,336.0,EURCHF,ema_10_slope
231,buy,0.004572672,339.0,EURCHF,ema_10_slope
232,buy,0.004572672,340.0,EURCHF,ema_10_slope
233,buy,0.004572672,341.0,EURCHF,ema_10_slope
234,buy,0.004572672,342.0,EURCHF,ema_10_slope
235,buy,0.004572672,343.0,EURCHF,ema_10_slope
236,buy,0.004572672,344.0,EURCHF,ema_10_slope
237,buy,0.004572672,345.0,EURCHF,ema_10_slope
238,buy,0.004572672,346.0,EURCHF,ema_10_slope
239,buy,0.004572672,347.0,EURCHF,ema_10_slope
240,buy,0.004572672,348.0,EURCHF,ema_10_slope
241,buy,0.004572672,349.0,EURCHF,ema_10_slope
242,buy,0.004572672,350.0,EURCHF,ema_10_slope
243,buy,0.004572672,351.0,EURCHF,ema_10_slope
244,buy,0.004572672,352.0,EURCHF,ema_10_slope
245,buy,0.004572672,353.0,EURCHF,ema_10_slope
246,buy,0.004572672,357.0,EURCHF,ema_10_slope
247,buy,0.004572672,358.0,EURCHF,ema_10_slope
248,buy,0.004572672,359.0,EURCHF,ema_10_slope
249,buy,0.004572672,360.0,EURCHF,ema_10_slope
250,buy,0.004572672,361.0,EURCHF,ema_10_slope
251,buy,-0.004822740000000001,362.0,EURCHF,ema_10_slope
252,buy,0.004572672,363.0,EURCHF,ema_10_slope
253,buy,0.004572672,364.0,EURCHF,ema_10_slope
254,buy,0.004572672,365.0,EURCHF,ema_10_slope
255,buy,0.004572672,366.0,EURCHF,ema_10_slope
256,buy,-0.004822740000000001,367.0,EURCHF,ema_10_slope
257,buy,-0.004822740000000001,368.0,EURCHF,ema_10_slope
258,buy,-0.004822740000000001,369.0,EURCHF,ema_10_slope
259,buy,-0.004822740000000001,373.0,EURCHF,ema_10_slope
260,buy,-0.004822740000000001,374.0,EURCHF,ema_10_slope
261,buy,-0.004822740000000001,375.0,EURCHF,ema_10_slope
262,buy,-0.004822740000000001,376.0,EURCHF,ema_10_slope
263,sell,-0.004822740000000001,379.0,EURCHF,ema_10_slope
264,sell,-0.004822740000000001,380.0,EURCHF,ema_10_slope
265,sell,-0.004822740000000001,381.0,EURCHF,ema_10_slope
266,sell,-0.004822740000000001,382.0,EURCHF,ema_10_slope
267,sell,-0.004822740000000001,383.0,EURCHF,ema_10_slope
268,buy,-0.004822740000000001,389.0,EURCHF,ema_10_slope
269,buy,-0.004822740000000001,390.0,EURCHF,ema_10_slope
270,buy,-0.004822740000000001,391.0,EURCHF,ema_10_slope
271,sell,-0.004822740000000001,394.0,EURCHF,ema_10_slope
272,buy,-0.004822740000000001,400.0,EURCHF,ema_10_slope
273,sell,-0.004822740000000001,403.0,EURCHF,ema_10_slope
274,sell,-0.004822740000000001,404.0,EURCHF,ema_10_slope
275,buy,-0.004822740000000001,407.0,EURCHF,ema_10_slope
276,sell,-0.004822740000000001,410.0,EURCHF,ema_10_slope
277,sell,-0.004822740000000001,411.0,EURCHF,ema_10_slope
278,sell,-0.004822740000000001,412.0,EURCHF,ema_10_slope
279,sell,-0.004822740000000001,413.0,EURCHF,ema_10_slope
280,sell,-0.004822740000000001,414.0,EURCHF,ema_10_slope
281,sell,-0.004822740000000001,415.0,EURCHF,ema_10_slope
282,sell,-0.004822740000000001,416.0,EURCHF,ema_10_slope
283,buy,0.004572672,419.0,EURCHF,ema_10_slope
284,buy,0.004572672,420.0,EURCHF,ema_10_slope
285,buy,0.004572672,421.0,EURCHF,ema_10_slope
286,buy,0.004572672,422.0,EURCHF,ema_10_slope
287,buy,0.004572672,430.0,EURCHF,ema_10_slope
288,buy,0.004572672,431.0,EURCHF,ema_10_slope
289,buy,0.004572672,432.0,EURCHF,ema_10_slope
290,sell,-0.004822740000000001,435.0,EURCHF,ema_10_slope
291,sell,-0.004822740000000001,436.0,EURCHF,ema_10_slope
292,sell,-0.004822740000000001,437.0,EURCHF,ema_10_slope
293,sell,-0.004822740000000001,438.0,EURCHF,ema_10_slope
294,sell,-0.004822740000000001,439.0,EURCHF,ema_10_slope
295,buy,0.004572672,442.0,EURCHF,ema_10_slope
296,buy,0.004572672,443.0,EURCHF,ema_10_slope
297,buy,0.004572672,444.0,EURCHF,ema_10_slope
298,buy,0.004572672,445.0,EURCHF,ema_10_slope
299,buy,0.004572672,446.0,EURCHF,ema_10_slope
300,buy,0.004572672,447.0,EURCHF,ema_10_slope
301,buy,0.004572672,448.0,EURCHF,ema_10_slope
302,buy,0.004572672,449.0,EURCHF,ema_10_slope
303,buy,0.004572672,450.0,EURCHF,ema_10_slope
304,buy,0.004572672,451.0,EURCHF,ema_10_slope
305,buy,0.004572672,452.0,EURCHF,ema_10_slope
306,buy,0.004572672,453.0,EURCHF,ema_10_slope
307,buy,-0.004822740000000001,463.0,EURCHF,ema_10_slope
308,buy,0.004572672,464.0,EURCHF,ema_10_slope
309,buy,0.004572672,465.0,EURCHF,ema_10_slope
310,buy,-0.004822740000000001,466.0,EURCHF,ema_10_slope
311,buy,-0.004822740000000001,474.0,EURCHF,ema_10_slope
312,buy,-0.004822740000000001,475.0,EURCHF,ema_10_slope
313,buy,-0.004822740000000001,476.0,EURCHF,ema_10_slope
314,buy,-0.004822740000000001,477.0,EURCHF,ema_10_slope
315,buy,-0.004822740000000001,478.0,EURCHF,ema_10_slope
316,buy,-0.004822740000000001,479.0,EURCHF,ema_10_slope
317,buy,-0.004822740000000001,480.0,EURCHF,ema_10_slope
318,sell,-0.004822740000000001,483.0,EURCHF,ema_10_slope
319,sell,-0.004822740000000001,484.0,EURCHF,ema_10_slope
320,buy,-0.004822740000000001,490.0,EURCHF,ema_10_slope
321,buy,-0.004822740000000001,491.0,EURCHF,ema_10_slope
322,buy,-0.004822740000000001,492.0,EURCHF,ema_10_slope
323,buy,-0.004822740000000001,493.0,EURCHF,ema_10_slope
324,buy,-0.004822740000000001,497.0,EURCHF,ema_10_slope
325,buy,-0.004822740000000001,498.0,EURCHF,ema_10_slope
326,buy,-0.004822740000000001,502.0,EURCHF,ema_10_slope
327,sell,0.004572672,505.0,EURCHF,ema_10_slope
328,buy,-0.004822740000000001,508.0,EURCHF,ema_10_slope
329,buy,-0.004822740000000001,509.0,EURCHF,ema_10_slope
330,buy,-0.004822740000000001,510.0,EURCHF,ema_10_slope
331,sell,0.004572672,513.0,EURCHF,ema_10_slope
332,sell,0.004572672,514.0,EURCHF,ema_10_slope
333,buy,-0.004822740000000001,517.0,EURCHF,ema_10_slope
334,buy,-0.004822740000000001,523.0,EURCHF,ema_10_slope
335,buy,-0.004822740000000001,524.0,EURCHF,ema_10_slope
336,buy,-0.004822740000000001,525.0,EURCHF,ema_10_slope
337,buy,-0.004822740000000001,526.0,EURCHF,ema_10_slope
338,buy,-0.004822740000000001,527.0,EURCHF,ema_10_slope
339,buy,-0.004822740000000001,528.0,EURCHF,ema_10_slope
340,buy,-0.004822740000000001,532.0,EURCHF,ema_10_slope
341,buy,-0.004822740000000001,533.0,EURCHF,ema_10_slope
342,buy,-0.004822740000000001,534.0,EURCHF,ema_10_slope
343,buy,-0.004822740000000001,535.0,EURCHF,ema_10_slope
344,buy,-0.004822740000000001,536.0,EURCHF,ema_10_slope
345,buy,-0.004822740000000001,537.0,EURCHF,ema_10_slope
346,buy,-0.004822740000000001,538.0,EURCHF,ema_10_slope
347,buy,-0.004822740000000001,539.0,EURCHF,ema_10_slope
348,buy,-0.004822740000000001,540.0,EURCHF,ema_10_slope
349,buy,-0.004822740000000001,541.0,EURCHF,ema_10_slope
350,buy,-0.004822740000000001,542.0,EURCHF,ema_10_slope
351,buy,-0.004822740000000001,543.0,EURCHF,ema_10_slope
352,buy,-0.004822740000000001,544.0,EURCHF,ema_10_slope
353,buy,-0.004822740000000001,545.0,EURCHF,ema_10_slope
354,buy,-0.004822740000000001,546.0,EURCHF,ema_10_slope
355,buy,-0.004822740000000001,547.0,EURCHF,ema_10_slope
356,sell,0.004572672,550.0,EURCHF,ema_10_slope
357,sell,0.004572672,551.0,EURCHF,ema_10_slope
358,sell,0.004572672,552.0,EURCHF,ema_10_slope
359,sell,0.004572672,553.0,EURCHF,ema_10_slope
360,sell,0.004572672,554.0,EURCHF,ema_10_slope
361,sell,0.004572672,555.0,EURCHF,ema_10_slope
362,sell,0.004572672,556.0,EURCHF,ema_10_slope
363,sell,0.004572672,557.0,EURCHF,ema_10_slope
364,sell,-0.004822740000000001,558.0,EURCHF,ema_10_slope
365,sell,-0.004822740000000001,559.0,EURCHF,ema_10_slope
366,sell,-0.004822740000000001,560.0,EURCHF,ema_10_slope
367,sell,-0.004822740000000001,561.0,EURCHF,ema_10_slope
368,sell,-0.004822740000000001,562.0,EURCHF,ema_10_slope
369,sell,-0.004822740000000001,563.0,EURCHF,ema_10_slope
370,sell,-0.004822740000000001,564.0,EURCHF,ema_10_slope
371,sell,-0.004822740000000001,565.0,EURCHF,ema_10_slope
372,sell,-0.004822740000000001,566.0,EURCHF,ema_10_slope
373,sell,-0.004822740000000001,567.0,EURCHF,ema_10_slope
374,sell,-0.004822740000000001,568.0,EURCHF,ema_10_slope
375,sell,-0.004822740000000001,569.0,EURCHF,ema_10_slope
376,sell,-0.004822740000000001,570.0,EURCHF,ema_10_slope
377,sell,-0.004822740000000001,571.0,EURCHF,ema_10_slope
378,sell,-0.004822740000000001,572.0,EURCHF,ema_10_slope
379,sell,-0.004822740000000001,573.0,EURCHF,ema_10_slope
380,sell,-0.004822740000000001,574.0,EURCHF,ema_10_slope
381,sell,-0.004822740000000001,575.0,EURCHF,ema_10_slope
382,buy,-0.004822740000000001,578.0,EURCHF,ema_10_slope
383,buy,-0.004822740000000001,579.0,EURCHF,ema_10_slope
384,buy,-0.004822740000000001,580.0,EURCHF,ema_10_slope
385,buy,-0.004822740000000001,581.0,EURCHF,ema_10_slope
386,buy,-0.004822740000000001,582.0,EURCHF,ema_10_slope
387,buy,-0.004822740000000001,583.0,EURCHF,ema_10_slope
388,buy,-0.004822740000000001,584.0,EURCHF,ema_10_slope
389,sell,0.004572672,591.0,EURCHF,ema_10_slope
390,sell,0.004572672,592.0,EURCHF,ema_10_slope
391,sell,0.004572672,593.0,EURCHF,ema_10_slope
392,sell,0.004572672,597.0,EURCHF,ema_10_slope
393,sell,-0.004822740000000001,601.0,EURCHF,ema_10_slope
394,sell,-0.004822740000000001,602.0,EURCHF,ema_10_slope
395,buy,-0.004822740000000001,605.0,EURCHF,ema_10_slope
396,buy,-0.004822740000000001,606.0,EURCHF,ema_10_slope
397,buy,-0.004822740000000001,607.0,EURCHF,ema_10_slope
398,buy,-0.004822740000000001,608.0,EURCHF,ema_10_slope
399,buy,-0.004822740000000001,609.0,EURCHF,ema_10_slope
400,buy,-0.004822740000000001,610.0,EURCHF,ema_10_slope
401,buy,-0.004822740000000001,611.0,EURCHF,ema_10_slope
402,buy,-0.004822740000000001,612.0,EURCHF,ema_10_slope
403,buy,-0.004822740000000001,613.0,EURCHF,ema_10_slope
404,buy,-0.004822740000000001,614.0,EURCHF,ema_10_slope
405,buy,-0.004822740000000001,615.0,EURCHF,ema_10_slope
406,buy,-0.004822740000000001,616.0,EURCHF,ema_10_slope
407,sell,0.004572672,619.0,EURCHF,ema_10_slope
408,sell,0.004572672,624.0,EURCHF,ema_10_slope
409,buy,-0.004822740000000001,627.0,EURCHF,ema_10_slope
410,buy,-0.004822740000000001,628.0,EURCHF,ema_10_slope
411,buy,-0.004822740000000001,629.0,EURCHF,ema_10_slope
412,buy,-0.004822740000000001,630.0,EURCHF,ema_10_slope
413,buy,-0.004822740000000001,631.0,EURCHF,ema_10_slope
414,buy,-0.004822740000000001,632.0,EURCHF,ema_10_slope
415,buy,-0.004822740000000001,633.0,EURCHF,ema_10_slope
416,buy,-0.004822740000000001,634.0,EURCHF,ema_10_slope
417,buy,-0.004822740000000001,635.0,EURCHF,ema_10_slope
418,buy,-0.004822740000000001,636.0,EURCHF,ema_10_slope
419,buy,-0.004822740000000001,640.0,EURCHF,ema_10_slope
420,buy,-0.004822740000000001,641.0,EURCHF,ema_10_slope
421,buy,-0.004822740000000001,642.0,EURCHF,ema_10_slope
422,buy,-0.004822740000000001,643.0,EURCHF,ema_10_slope
423,buy,-0.004822740000000001,644.0,EURCHF,ema_10_slope
424,sell,0.004572672,647.0,EURCHF,ema_10_slope
425,sell,0.004572672,648.0,EURCHF,ema_10_slope
426,sell,0.004572672,649.0,EURCHF,ema_10_slope
427,sell,0.004572672,650.0,EURCHF,ema_10_slope
428,sell,0.004572672,651.0,EURCHF,ema_10_slope
429,sell,0.004572672,652.0,EURCHF,ema_10_slope
430,sell,0.004572672,653.0,EURCHF,ema_10_slope
431,sell,0.004572672,654.0,EURCHF,ema_10_slope
432,sell,0.004572672,655.0,EURCHF,ema_10_slope
433,sell,0.004572672,656.0,EURCHF,ema_10_slope
434,sell,0.004572672,657.0,EURCHF,ema_10_slope
435,sell,0.004572672,658.0,EURCHF,ema_10_slope
436,sell,0.004572672,659.0,EURCHF,ema_10_slope
437,sell,0.004572672,660.0,EURCHF,ema_10_slope
438,sell,0.004572672,661.0,EURCHF,ema_10_slope
439,sell,0.004572672,662.0,EURCHF,ema_10_slope
440,sell,0.004572672,663.0,EURCHF,ema_10_slope
441,sell,0.004572672,664.0,EURCHF,ema_10_slope
442,sell,0.004572672,665.0,EURCHF,ema_10_slope
443,sell,0.004572672,666.0,EURCHF,ema_10_slope
444,sell,0.004572672,667.0,EURCHF,ema_10_slope
445,sell,0.004572672,671.0,EURCHF,ema_10_slope
446,sell,0.004572672,672.0,EURCHF,ema_10_slope
447,sell,0.004572672,673.0,EURCHF,ema_10_slope
448,sell,0.004572672,674.0,EURCHF,ema_10_slope
449,sell,0.004572672,675.0,EURCHF,ema_10_slope
450,sell,0.004572672,676.0,EURCHF,ema_10_slope
451,sell,0.004572672,677.0,EURCHF,ema_10_slope
452,sell,0.004572672,678.0,EURCHF,ema_10_slope
453,sell,0.004572672,679.0,EURCHF,ema_10_slope
454,sell,0.004572672,680.0,EURCHF,ema_10_slope
455,sell,0.004572672,681.0,EURCHF,ema_10_slope
456,sell,0.004572672,682.0,EURCHF,ema_10_slope
457,sell,0.004572672,686.0,EURCHF,ema_10_slope
458,sell,0.004572672,687.0,EURCHF,ema_10_slope
459,sell,0.004572672,688.0,EURCHF,ema_10_slope
460,buy,-0.004822740000000001,691.0,EURCHF,ema_10_slope
461,buy,-0.004822740000000001,692.0,EURCHF,ema_10_slope
462,buy,-0.004822740000000001,693.0,EURCHF,ema_10_slope
463,buy,-0.004822740000000001,694.0,EURCHF,ema_10_slope
464,buy,-0.004822740000000001,695.0,EURCHF,ema_10_slope
465,buy,-0.004822740000000001,696.0,EURCHF,ema_10_slope
466,buy,-0.004822740000000001,697.0,EURCHF,ema_10_slope
467,buy,-0.004822740000000001,698.0,EURCHF,ema_10_slope
468,buy,-0.004822740000000001,706.0,EURCHF,ema_10_slope
469,buy,-0.004822740000000001,707.0,EURCHF,ema_10_slope
470,buy,-0.004822740000000001,708.0,EURCHF,ema_10_slope
471,sell,0.004572672,711.0,EURCHF,ema_10_slope
472,sell,0.004572672,712.0,EURCHF,ema_10_slope
473,sell,0.004572672,713.0,EURCHF,ema_10_slope
474,sell,0.004572672,714.0,EURCHF,ema_10_slope
475,buy,-0.004822740000000001,717.0,EURCHF,ema_10_slope
476,buy,-0.004822740000000001,718.0,EURCHF,ema_10_slope
477,buy,-0.004822740000000001,724.0,EURCHF,ema_10_slope
478,buy,-0.004822740000000001,728.0,EURCHF,ema_10_slope
479,buy,-0.004822740000000001,729.0,EURCHF,ema_10_slope
480,buy,-0.004822740000000001,730.0,EURCHF,ema_10_slope
481,buy,-0.004822740000000001,731.0,EURCHF,ema_10_slope
482,buy,-0.004822740000000001,735.0,EURCHF,ema_10_slope
483,buy,-0.004822740000000001,736.0,EURCHF,ema_10_slope
484,buy,-0.004822740000000001,737.0,EURCHF,ema_10_slope
485,buy,-0.004822740000000001,738.0,EURCHF,ema_10_slope
486,sell,0.004572672,744.0,EURCHF,ema_10_slope
487,sell,0.004572672,745.0,EURCHF,ema_10_slope
488,sell,0.004572672,746.0,EURCHF,ema_10_slope
489,sell,0.004572672,747.0,EURCHF,ema_10_slope
490,sell,0.004572672,748.0,EURCHF,ema_10_slope
491,sell,0.004572672,749.0,EURCHF,ema_10_slope
492,buy,-0.004822740000000001,752.0,EURCHF,ema_10_slope
493,buy,-0.004822740000000001,753.0,EURCHF,ema_10_slope
494,buy,-0.004822740000000001,754.0,EURCHF,ema_10_slope
495,buy,-0.004822740000000001,755.0,EURCHF,ema_10_slope
496,buy,-0.004822740000000001,756.0,EURCHF,ema_10_slope
497,buy,-0.004822740000000001,757.0,EURCHF,ema_10_slope
498,buy,-0.004822740000000001,758.0,EURCHF,ema_10_slope
499,buy,-0.004822740000000001,759.0,EURCHF,ema_10_slope
500,sell,0.004572672,762.0,EURCHF,ema_10_slope
501,sell,0.004572672,763.0,EURCHF,ema_10_slope
502,buy,-0.004822740000000001,768.0,EURCHF,ema_10_slope
503,buy,-0.004822740000000001,769.0,EURCHF,ema_10_slope
504,buy,-0.004822740000000001,770.0,EURCHF,ema_10_slope
505,sell,0.004572672,773.0,EURCHF,ema_10_slope
506,buy,-0.004822740000000001,776.0,EURCHF,ema_10_slope
507,buy,-0.004822740000000001,777.0,EURCHF,ema_10_slope
508,buy,-0.004822740000000001,778.0,EURCHF,ema_10_slope
509,buy,-0.004822740000000001,779.0,EURCHF,ema_10_slope
510,sell,0.004572672,785.0,EURCHF,ema_10_slope
511,sell,0.004572672,786.0,EURCHF,ema_10_slope
512,sell,0.004572672,787.0,EURCHF,ema_10_slope
513,sell,0.004572672,788.0,EURCHF,ema_10_slope
514,sell,0.004572672,789.0,EURCHF,ema_10_slope
515,sell,0.004572672,790.0,EURCHF,ema_10_slope
516,sell,0.004572672,791.0,EURCHF,ema_10_slope
517,sell,0.004572672,792.0,EURCHF,ema_10_slope
518,sell,0.004572672,793.0,EURCHF,ema_10_slope
519,sell,0.004572672,794.0,EURCHF,ema_10_slope
520,sell,0.004572672,795.0,EURCHF,ema_10_slope
521,sell,0.004572672,796.0,EURCHF,ema_10_slope
522,sell,0.004572672,797.0,EURCHF,ema_10_slope
523,sell,0.004572672,798.0,EURCHF,ema_10_slope
524,sell,0.004572672,799.0,EURCHF,ema_10_slope
525,sell,0.004572672,800.0,EURCHF,ema_10_slope
526,sell,0.004572672,801.0,EURCHF,ema_10_slope
527,sell,0.004572672,802.0,EURCHF,ema_10_slope
528,sell,0.004572672,803.0,EURCHF,ema_10_slope
529,sell,0.004572672,804.0,EURCHF,ema_10_slope
530,sell,0.004572672,805.0,EURCHF,ema_10_slope
531,sell,0.004572672,806.0,EURCHF,ema_10_slope
532,sell,0.004572672,807.0,EURCHF,ema_10_slope
533,sell,0.004572672,808.0,EURCHF,ema_10_slope
534,sell,0.004572672,809.0,EURCHF,ema_10_slope
535,sell,0.004572672,810.0,EURCHF,ema_10_slope
536,sell,0.004572672,811.0,EURCHF,ema_10_slope
537,sell,0.004572672,812.0,EURCHF,ema_10_slope
538,sell,0.004572672,813.0,EURCHF,ema_10_slope
539,sell,0.004572672,814.0,EURCHF,ema_10_slope
540,sell,0.004572672,815.0,EURCHF,ema_10_slope
541,sell,0.004572672,816.0,EURCHF,ema_10_slope
542,sell,0.004572672,817.0,EURCHF,ema_10_slope
543,sell,0.004572672,818.0,EURCHF,ema_10_slope
544,sell,-0.004822740000000001,819.0,EURCHF,ema_10_slope
545,sell,0.004572672,820.0,EURCHF,ema_10_slope
546,sell,0.004572672,821.0,EURCHF,ema_10_slope
547,sell,0.004572672,822.0,EURCHF,ema_10_slope
548,sell,0.004572672,823.0,EURCHF,ema_10_slope
549,sell,0.004572672,824.0,EURCHF,ema_10_slope
550,sell,0.004572672,825.0,EURCHF,ema_10_slope
551,sell,0.004572672,826.0,EURCHF,ema_10_slope
552,sell,0.004572672,827.0,EURCHF,ema_10_slope
553,sell,0.004572672,828.0,EURCHF,ema_10_slope
554,buy,-0.004822740000000001,831.0,EURCHF,ema_10_slope
555,buy,-0.004822740000000001,832.0,EURCHF,ema_10_slope
556,buy,-0.004822740000000001,833.0,EURCHF,ema_10_slope
557,buy,-0.004822740000000001,834.0,EURCHF,ema_10_slope
558,sell,0.004572672,837.0,EURCHF,ema_10_slope
559,sell,0.004572672,838.0,EURCHF,ema_10_slope
560,sell,0.004572672,839.0,EURCHF,ema_10_slope
561,sell,-0.004822740000000001,843.0,EURCHF,ema_10_slope
562,sell,0.004572672,844.0,EURCHF,ema_10_slope
563,sell,0.004572672,845.0,EURCHF,ema_10_slope
564,sell,-0.004822740000000001,846.0,EURCHF,ema_10_slope
565,sell,-0.004822740000000001,847.0,EURCHF,ema_10_slope
566,sell,-0.004822740000000001,848.0,EURCHF,ema_10_slope
567,sell,0.004572672,849.0,EURCHF,ema_10_slope
568,sell,0.004572672,850.0,EURCHF,ema_10_slope
569,sell,-0.004822740000000001,851.0,EURCHF,ema_10_slope
570,sell,-0.004822740000000001,852.0,EURCHF,ema_10_slope
571,sell,0.004572672,853.0,EURCHF,ema_10_slope
572,sell,0.004572672,854.0,EURCHF,ema_10_slope
573,buy,-0.004822740000000001,860.0,EURCHF,ema_10_slope
574,buy,-0.004822740000000001,861.0,EURCHF,ema_10_slope
575,buy,-0.004822740000000001,862.0,EURCHF,ema_10_slope
576,buy,-0.004822740000000001,863.0,EURCHF,ema_10_slope
577,sell,0.004572672,866.0,EURCHF,ema_10_slope
578,sell,0.004572672,867.0,EURCHF,ema_10_slope
579,sell,-0.004822740000000001,868.0,EURCHF,ema_10_slope
580,sell,-0.004822740000000001,869.0,EURCHF,ema_10_slope
581,sell,-0.004822740000000001,870.0,EURCHF,ema_10_slope
582,sell,0.004572672,871.0,EURCHF,ema_10_slope
583,sell,0.004572672,875.0,EURCHF,ema_10_slope
584,sell,-0.004822740000000001,876.0,EURCHF,ema_10_slope
585,sell,0.004572672,877.0,EURCHF,ema_10_slope
586,buy,-0.004822740000000001,880.0,EURCHF,ema_10_slope
587,sell,-0.004822740000000001,883.0,EURCHF,ema_10_slope
588,buy,-0.004822740000000001,886.0,EURCHF,ema_10_slope
589,sell,0.004572672,889.0,EURCHF,ema_10_slope
590,sell,-0.004822740000000001,893.0,EURCHF,ema_10_slope
591,sell,-0.004822740000000001,894.0,EURCHF,ema_10_slope
592,sell,-0.004822740000000001,895.0,EURCHF,ema_10_slope
593,sell,-0.004822740000000001,896.0,EURCHF,ema_10_slope
594,sell,-0.004822740000000001,897.0,EURCHF,ema_10_slope
595,sell,-0.004822740000000001,898.0,EURCHF,ema_10_slope
596,sell,-0.004822740000000001,899.0,EURCHF,ema_10_slope
597,sell,-0.004822740000000001,900.0,EURCHF,ema_10_slope
598,sell,-0.004822740000000001,901.0,EURCHF,ema_10_slope
599,sell,-0.004822740000000001,908.0,EURCHF,ema_10_slope
600,sell,-0.004822740000000001,909.0,EURCHF,ema_10_slope
601,sell,-0.004822740000000001,910.0,EURCHF,ema_10_slope
602,sell,-0.004822740000000001,911.0,EURCHF,ema_10_slope
603,sell,-0.004822740000000001,912.0,EURCHF,ema_10_slope
604,sell,-0.004822740000000001,913.0,EURCHF,ema_10_slope
605,sell,-0.004822740000000001,914.0,EURCHF,ema_10_slope
606,sell,-0.004822740000000001,915.0,EURCHF,ema_10_slope
607,sell,-0.004822740000000001,916.0,EURCHF,ema_10_slope
608,sell,-0.004822740000000001,917.0,EURCHF,ema_10_slope
609,sell,-0.004822740000000001,918.0,EURCHF,ema_10_slope
610,sell,-0.004822740000000001,919.0,EURCHF,ema_10_slope
611,sell,-0.004822740000000001,920.0,EURCHF,ema_10_slope
612,sell,-0.004822740000000001,921.0,EURCHF,ema_10_slope
613,sell,-0.004822740000000001,922.0,EURCHF,ema_10_slope
614,sell,-0.004822740000000001,923.0,EURCHF,ema_10_slope
615,sell,-0.004822740000000001,924.0,EURCHF,ema_10_slope
616,sell,-0.004822740000000001,925.0,EURCHF,ema_10_slope
617,sell,-0.004822740000000001,926.0,EURCHF,ema_10_slope
618,sell,-0.004822740000000001,927.0,EURCHF,ema_10_slope
619,sell,-0.004822740000000001,928.0,EURCHF,ema_10_slope
620,sell,-0.004822740000000001,932.0,EURCHF,ema_10_slope
621,sell,-0.004822740000000001,933.0,EURCHF,ema_10_slope
622,sell,-0.004822740000000001,934.0,EURCHF,ema_10_slope
623,buy,0.004572672,937.0,EURCHF,ema_10_slope
624,buy,0.004572672,938.0,EURCHF,ema_10_slope
625,buy,0.004572672,939.0,EURCHF,ema_10_slope
626,buy,0.004572672,940.0,EURCHF,ema_10_slope
627,buy,0.004572672,941.0,EURCHF,ema_10_slope
628,buy,0.004572672,942.0,EURCHF,ema_10_slope
629,buy,0.004572672,943.0,EURCHF,ema_10_slope
630,buy,0.004572672,944.0,EURCHF,ema_10_slope
631,buy,0.004572672,945.0,EURCHF,ema_10_slope
632,buy,0.004572672,946.0,EURCHF,ema_10_slope
633,buy,0.004572672,947.0,EURCHF,ema_10_slope
634,buy,0.004572672,948.0,EURCHF,ema_10_slope
635,sell,-0.004822740000000001,951.0,EURCHF,ema_10_slope
636,sell,-0.004822740000000001,952.0,EURCHF,ema_10_slope
637,sell,-0.004822740000000001,953.0,EURCHF,ema_10_slope
638,sell,-0.004822740000000001,954.0,EURCHF,ema_10_slope
639,sell,-0.004822740000000001,958.0,EURCHF,ema_10_slope
640,sell,-0.004822740000000001,959.0,EURCHF,ema_10_slope
641,sell,-0.004822740000000001,960.0,EURCHF,ema_10_slope
642,buy,0.004572672,963.0,EURCHF,ema_10_slope
643,buy,0.004572672,964.0,EURCHF,ema_10_slope
644,buy,0.004572672,965.0,EURCHF,ema_10_slope
645,buy,0.004572672,966.0,EURCHF,ema_10_slope
646,buy,0.004572672,967.0,EURCHF,ema_10_slope
647,buy,0.004572672,968.0,EURCHF,ema_10_slope
648,buy,0.004572672,969.0,EURCHF,ema_10_slope
649,buy,0.004572672,970.0,EURCHF,ema_10_slope
650,buy,0.004572672,971.0,EURCHF,ema_10_slope
651,buy,0.004572672,972.0,EURCHF,ema_10_slope
652,buy,0.004572672,973.0,EURCHF,ema_10_slope
653,buy,0.004572672,974.0,EURCHF,ema_10_slope
654,buy,0.004572672,975.0,EURCHF,ema_10_slope
655,buy,0.004572672,976.0,EURCHF,ema_10_slope
656,buy,0.004572672,977.0,EURCHF,ema_10_slope
657,buy,0.004572672,978.0,EURCHF,ema_10_slope
658,sell,-0.004822740000000001,981.0,EURCHF,ema_10_slope
659,buy,-0.004822740000000001,984.0,EURCHF,ema_10_slope
660,buy,0.004572672,985.0,EURCHF,ema_10_slope
661,sell,-0.004822740000000001,988.0,EURCHF,ema_10_slope
662,sell,-0.004822740000000001,989.0,EURCHF,ema_10_slope
663,sell,-0.004822740000000001,990.0,EURCHF,ema_10_slope
664,sell,-0.004822740000000001,991.0,EURCHF,ema_10_slope
665,sell,-0.004822740000000001,992.0,EURCHF,ema_10_slope
666,sell,-0.004822740000000001,993.0,EURCHF,ema_10_slope
667,sell,-0.004822740000000001,994.0,EURCHF,ema_10_slope
668,sell,-0.004822740000000001,995.0,EURCHF,ema_10_slope
669,sell,-0.004822740000000001,996.0,EURCHF,ema_10_slope
670,sell,-0.004822740000000001,997.0,EURCHF,ema_10_slope
671,sell,-0.004822740000000001,998.0,EURCHF,ema_10_slope
672,sell,-0.004822740000000001,999.0,EURCHF,ema_10_slope
673,sell,-0.004822740000000001,1000.0,EURCHF,ema_10_slope
674,sell,-0.004822740000000001,1001.0,EURCHF,ema_10_slope
675,sell,-0.004822740000000001,1002.0,EURCHF,ema_10_slope
676,sell,-0.004822740000000001,1003.0,EURCHF,ema_10_slope
677,buy,0.004572672,1006.0,EURCHF,ema_10_slope
678,sell,-0.004822740000000001,1009.0,EURCHF,ema_10_slope
679,sell,-0.004822740000000001,1019.0,EURCHF,ema_10_slope
680,sell,-0.004822740000000001,1020.0,EURCHF,ema_10_slope
681,sell,-0.004822740000000001,1021.0,EURCHF,ema_10_slope
682,sell,-0.004822740000000001,1022.0,EURCHF,ema_10_slope
683,sell,-0.004822740000000001,1023.0,EURCHF,ema_10_slope
684,sell,-0.004822740000000001,1024.0,EURCHF,ema_10_slope
685,sell,-0.004822740000000001,1025.0,EURCHF,ema_10_slope
686,buy,0.004572672,1034.0,EURCHF,ema_10_slope
687,buy,0.004572672,1035.0,EURCHF,ema_10_slope
688,buy,0.004572672,1036.0,EURCHF,ema_10_slope
689,buy,0.004572672,1037.0,EURCHF,ema_10_slope
690,buy,0.004572672,1038.0,EURCHF,ema_10_slope
691,buy,0.004572672,1039.0,EURCHF,ema_10_slope
692,buy,0.004572672,1040.0,EURCHF,ema_10_slope
693,buy,0.004572672,1041.0,EURCHF,ema_10_slope
694,buy,0.004572672,1042.0,EURCHF,ema_10_slope
695,buy,0.004572672,1043.0,EURCHF,ema_10_slope
696,buy,0.004572672,1044.0,EURCHF,ema_10_slope
697,sell,-0.004822740000000001,1047.0,EURCHF,ema_10_slope
698,sell,-0.004822740000000001,1048.0,EURCHF,ema_10_slope
699,sell,-0.004822740000000001,1049.0,EURCHF,ema_10_slope
700,buy,0.004572672,1052.0,EURCHF,ema_10_slope
701,buy,-0.004822740000000001,1053.0,EURCHF,ema_10_slope
702,buy,-0.004822740000000001,1054.0,EURCHF,ema_10_slope
703,buy,0.004572672,1055.0,EURCHF,ema_10_slope
704,buy,-0.004822740000000001,1059.0,EURCHF,ema_10_slope
705,buy,-0.004822740000000001,1063.0,EURCHF,ema_10_slope
706,buy,-0.004822740000000001,1064.0,EURCHF,ema_10_slope
707,buy,-0.004822740000000001,1065.0,EURCHF,ema_10_slope
708,buy,-0.004822740000000001,1066.0,EURCHF,ema_10_slope
709,buy,-0.004822740000000001,1067.0,EURCHF,ema_10_slope
710,buy,-0.004822740000000001,1068.0,EURCHF,ema_10_slope
711,buy,-0.004822740000000001,1069.0,EURCHF,ema_10_slope
712,buy,-0.004822740000000001,1070.0,EURCHF,ema_10_slope
713,buy,-0.004822740000000001,1075.0,EURCHF,ema_10_slope
714,sell,0.004572672,1078.0,EURCHF,ema_10_slope
715,sell,0.004572672,1079.0,EURCHF,ema_10_slope
716,sell,0.004572672,1080.0,EURCHF,ema_10_slope
717,sell,0.004572672,1081.0,EURCHF,ema_10_slope
718,sell,0.004572672,1082.0,EURCHF,ema_10_slope
719,sell,0.004572672,1083.0,EURCHF,ema_10_slope
720,sell,0.004572672,1084.0,EURCHF,ema_10_slope
721,sell,0.004572672,1085.0,EURCHF,ema_10_slope
722,sell,0.004572672,1086.0,EURCHF,ema_10_slope
723,sell,0.004572672,1087.0,EURCHF,ema_10_slope
724,sell,0.004572672,1088.0,EURCHF,ema_10_slope
725,sell,0.004572672,1089.0,EURCHF,ema_10_slope
726,sell,0.004572672,1090.0,EURCHF,ema_10_slope
727,buy,-0.004822740000000001,1093.0,EURCHF,ema_10_slope
728,buy,-0.004822740000000001,1094.0,EURCHF,ema_10_slope
729,buy,-0.004822740000000001,1095.0,EURCHF,ema_10_slope
730,buy,-0.004822740000000001,1096.0,EURCHF,ema_10_slope
731,buy,-0.004822740000000001,1097.0,EURCHF,ema_10_slope
732,buy,-0.004822740000000001,1098.0,EURCHF,ema_10_slope
733,sell,0.004572672,1103.0,EURCHF,ema_10_slope
734,sell,0.004572672,1104.0,EURCHF,ema_10_slope
735,sell,0.004572672,1105.0,EURCHF,ema_10_slope
736,buy,-0.004822740000000001,1110.0,EURCHF,ema_10_slope
737,sell,0.004572672,1113.0,EURCHF,ema_10_slope
738,sell,0.004572672,1114.0,EURCHF,ema_10_slope
739,sell,0.004572672,1115.0,EURCHF,ema_10_slope
740,sell,0.004572672,1116.0,EURCHF,ema_10_slope
741,sell,0.004572672,1117.0,EURCHF,ema_10_slope
742,sell,0.004572672,1118.0,EURCHF,ema_10_slope
743,sell,0.004572672,1119.0,EURCHF,ema_10_slope
744,sell,0.004572672,1120.0,EURCHF,ema_10_slope
745,sell,0.004572672,1121.0,EURCHF,ema_10_slope
746,sell,0.004572672,1122.0,EURCHF,ema_10_slope
747,sell,0.004572672,1123.0,EURCHF,ema_10_slope
748,buy,-0.004822740000000001,1126.0,EURCHF,ema_10_slope
749,sell,0.004572672,1129.0,EURCHF,ema_10_slope
750,sell,0.004572672,1130.0,EURCHF,ema_10_slope
751,sell,0.004572672,1131.0,EURCHF,ema_10_slope
752,sell,0.004572672,1132.0,EURCHF,ema_10_slope
753,sell,0.004572672,1133.0,EURCHF,ema_10_slope
754,sell,0.004572672,1134.0,EURCHF,ema_10_slope
755,sell,0.004572672,1135.0,EURCHF,ema_10_slope
756,sell,0.004572672,1136.0,EURCHF,ema_10_slope
757,sell,0.004572672,1137.0,EURCHF,ema_10_slope
758,sell,0.004572672,1138.0,EURCHF,ema_10_slope
759,sell,0.004572672,1139.0,EURCHF,ema_10_slope
760,sell,0.004572672,1140.0,EURCHF,ema_10_slope
761,sell,0.004572672,1141.0,EURCHF,ema_10_slope
762,sell,0.004572672,1142.0,EURCHF,ema_10_slope
763,sell,0.004572672,1143.0,EURCHF,ema_10_slope
764,sell,0.004572672,1144.0,EURCHF,ema_10_slope
765,sell,0.004572672,1145.0,EURCHF,ema_10_slope
766,sell,0.004572672,1146.0,EURCHF,ema_10_slope
767,sell,0.004572672,1147.0,EURCHF,ema_10_slope
768,sell,0.004572672,1148.0,EURCHF,ema_10_slope
769,sell,0.004572672,1149.0,EURCHF,ema_10_slope
770,sell,0.004572672,1150.0,EURCHF,ema_10_slope
771,buy,-0.004822740000000001,1153.0,EURCHF,ema_10_slope
772,sell,0.004572672,1158.0,EURCHF,ema_10_slope
773,sell,0.004572672,1159.0,EURCHF,ema_10_slope
774,sell,0.004572672,1160.0,EURCHF,ema_10_slope
775,sell,0.004572672,1161.0,EURCHF,ema_10_slope
776,sell,0.004572672,1165.0,EURCHF,ema_10_slope
777,sell,0.004572672,1166.0,EURCHF,ema_10_slope
778,sell,0.004572672,1167.0,EURCHF,ema_10_slope
779,sell,0.004572672,1168.0,EURCHF,ema_10_slope
780,sell,0.004572672,1169.0,EURCHF,ema_10_slope
781,sell,0.004572672,1170.0,EURCHF,ema_10_slope
782,sell,0.004572672,1171.0,EURCHF,ema_10_slope
783,sell,0.004572672,1177.0,EURCHF,ema_10_slope
784,sell,0.004572672,1178.0,EURCHF,ema_10_slope
785,sell,0.004572672,1179.0,EURCHF,ema_10_slope
786,sell,0.004572672,1180.0,EURCHF,ema_10_slope
787,sell,0.004572672,1181.0,EURCHF,ema_10_slope
788,sell,0.004572672,1188.0,EURCHF,ema_10_slope
789,sell,0.004572672,1189.0,EURCHF,ema_10_slope
790,sell,0.004572672,1190.0,EURCHF,ema_10_slope
791,sell,0.004572672,1191.0,EURCHF,ema_10_slope
792,sell,0.004572672,1196.0,EURCHF,ema_10_slope
793,sell,0.004572672,1197.0,EURCHF,ema_10_slope
794,sell,0.004572672,1198.0,EURCHF,ema_10_slope
795,sell,0.004572672,1199.0,EURCHF,ema_10_slope
796,sell,0.004572672,1200.0,EURCHF,ema_10_slope
797,sell,0.004572672,1201.0,EURCHF,ema_10_slope
798,sell,0.004572672,1202.0,EURCHF,ema_10_slope
799,buy,-0.004822740000000001,1205.0,EURCHF,ema_10_slope
800,buy,-0.004822740000000001,1206.0,EURCHF,ema_10_slope
801,buy,-0.004822740000000001,1207.0,EURCHF,ema_10_slope
802,buy,-0.004822740000000001,1211.0,EURCHF,ema_10_slope
803,buy,-0.004822740000000001,1212.0,EURCHF,ema_10_slope
804,buy,-0.004822740000000001,1213.0,EURCHF,ema_10_slope
805,buy,-0.004822740000000001,1214.0,EURCHF,ema_10_slope
806,sell,0.004572672,1217.0,EURCHF,ema_10_slope
807,sell,0.004572672,1218.0,EURCHF,ema_10_slope
808,buy,-0.004822740000000001,1221.0,EURCHF,ema_10_slope
809,buy,-0.004822740000000001,1222.0,EURCHF,ema_10_slope
810,buy,-0.004822740000000001,1223.0,EURCHF,ema_10_slope
811,buy,-0.004822740000000001,1224.0,EURCHF,ema_10_slope
812,sell,0.004572672,1227.0,EURCHF,ema_10_slope
813,buy,-0.004822740000000001,1230.0,EURCHF,ema_10_slope
814,sell,0.004572672,1233.0,EURCHF,ema_10_slope
815,sell,0.004572672,1234.0,EURCHF,ema_10_slope
816,sell,0.004572672,1235.0,EURCHF,ema_10_slope
817,sell,0.004572672,1236.0,EURCHF,ema_10_slope
818,sell,0.004572672,1237.0,EURCHF,ema_10_slope
819,sell,0.004572672,1238.0,EURCHF,ema_10_slope
820,sell,0.004572672,1239.0,EURCHF,ema_10_slope
821,sell,0.004572672,1240.0,EURCHF,ema_10_slope
822,buy,-0.004822740000000001,1243.0,EURCHF,ema_10_slope
823,buy,-0.004822740000000001,1244.0,EURCHF,ema_10_slope
824,buy,-0.004822740000000001,1248.0,EURCHF,ema_10_slope
825,sell,0.004572672,1253.0,EURCHF,ema_10_slope
826,sell,0.004572672,1254.0,EURCHF,ema_10_slope
827,sell,0.004572672,1255.0,EURCHF,ema_10_slope
828,sell,0.004572672,1256.0,EURCHF,ema_10_slope
829,sell,0.004572672,1257.0,EURCHF,ema_10_slope
830,sell,0.004572672,1258.0,EURCHF,ema_10_slope
831,sell,0.004572672,1259.0,EURCHF,ema_10_slope
832,sell,0.004572672,1260.0,EURCHF,ema_10_slope
833,sell,0.004572672,1261.0,EURCHF,ema_10_slope
834,sell,0.004572672,1262.0,EURCHF,ema_10_slope
835,sell,0.004572672,1263.0,EURCHF,ema_10_slope
836,sell,0.004572672,1264.0,EURCHF,ema_10_slope
837,sell,0.004572672,1265.0,EURCHF,ema_10_slope
838,sell,0.004572672,1266.0,EURCHF,ema_10_slope
839,sell,0.004572672,1267.0,EURCHF,ema_10_slope
840,sell,0.004572672,1268.0,EURCHF,ema_10_slope
841,sell,-0.004822740000000001,1269.0,EURCHF,ema_10_slope
842,sell,0.004572672,1270.0,EURCHF,ema_10_slope
843,sell,-0.004822740000000001,1271.0,EURCHF,ema_10_slope
844,sell,-0.004822740000000001,1272.0,EURCHF,ema_10_slope
845,sell,-0.004822740000000001,1273.0,EURCHF,ema_10_slope
846,sell,-0.004822740000000001,1274.0,EURCHF,ema_10_slope
847,sell,-0.004822740000000001,1275.0,EURCHF,ema_10_slope
848,sell,-0.004822740000000001,1276.0,EURCHF,ema_10_slope
849,buy,-0.004822740000000001,1279.0,EURCHF,ema_10_slope
850,buy,-0.004822740000000001,1280.0,EURCHF,ema_10_slope
851,buy,-0.004822740000000001,1281.0,EURCHF,ema_10_slope
852,buy,-0.004822740000000001,1282.0,EURCHF,ema_10_slope
853,buy,-0.004822740000000001,1283.0,EURCHF,ema_10_slope
854,buy,-0.004822740000000001,1284.0,EURCHF,ema_10_slope
855,buy,-0.004822740000000001,1285.0,EURCHF,ema_10_slope
856,buy,-0.004822740000000001,1289.0,EURCHF,ema_10_slope
857,buy,-0.004822740000000001,1290.0,EURCHF,ema_10_slope
858,sell,-0.004822740000000001,1293.0,EURCHF,ema_10_slope
859,sell,-0.004822740000000001,1294.0,EURCHF,ema_10_slope
860,sell,-0.004822740000000001,1295.0,EURCHF,ema_10_slope
861,sell,-0.004822740000000001,1296.0,EURCHF,ema_10_slope
862,sell,-0.004822740000000001,1297.0,EURCHF,ema_10_slope
863,sell,-0.004822740000000001,1298.0,EURCHF,ema_10_slope
864,sell,-0.004822740000000001,1303.0,EURCHF,ema_10_slope
865,sell,-0.004822740000000001,1304.0,EURCHF,ema_10_slope
866,sell,-0.004822740000000001,1305.0,EURCHF,ema_10_slope
867,buy,0.004572672,1308.0,EURCHF,ema_10_slope
868,buy,0.004572672,1309.0,EURCHF,ema_10_slope
869,buy,0.004572672,1310.0,EURCHF,ema_10_slope
870,buy,0.004572672,1311.0,EURCHF,ema_10_slope
871,buy,0.004572672,1312.0,EURCHF,ema_10_slope
872,buy,-0.004822740000000001,1313.0,EURCHF,ema_10_slope
873,buy,-0.004822740000000001,1314.0,EURCHF,ema_10_slope
874,buy,-0.004822740000000001,1315.0,EURCHF,ema_10_slope
875,buy,-0.004822740000000001,1316.0,EURCHF,ema_10_slope
876,buy,-0.004822740000000001,1317.0,EURCHF,ema_10_slope
877,buy,-0.004822740000000001,1318.0,EURCHF,ema_10_slope
878,sell,-0.004822740000000001,1321.0,EURCHF,ema_10_slope
879,sell,-0.004822740000000001,1322.0,EURCHF,ema_10_slope
880,sell,-0.004822740000000001,1323.0,EURCHF,ema_10_slope
881,sell,-0.004822740000000001,1330.0,EURCHF,ema_10_slope
882,sell,-0.004822740000000001,1331.0,EURCHF,ema_10_slope
883,buy,0.004572672,1334.0,EURCHF,ema_10_slope
884,buy,0.004572672,1335.0,EURCHF,ema_10_slope
885,buy,0.004572672,1336.0,EURCHF,ema_10_slope
886,buy,-0.004822740000000001,1337.0,EURCHF,ema_10_slope
887,buy,0.004572672,1338.0,EURCHF,ema_10_slope
888,buy,-0.004822740000000001,1339.0,EURCHF,ema_10_slope
889,buy,0.004572672,1340.0,EURCHF,ema_10_slope
890,buy,-0.004822740000000001,1341.0,EURCHF,ema_10_slope
891,buy,-0.004822740000000001,1342.0,EURCHF,ema_10_slope
892,buy,-0.004822740000000001,1343.0,EURCHF,ema_10_slope
893,sell,-0.004822740000000001,1348.0,EURCHF,ema_10_slope
894,sell,-0.004822740000000001,1349.0,EURCHF,ema_10_slope
895,sell,-0.004822740000000001,1350.0,EURCHF,ema_10_slope
896,sell,-0.004822740000000001,1351.0,EURCHF,ema_10_slope
897,sell,-0.004822740000000001,1352.0,EURCHF,ema_10_slope
898,sell,-0.004822740000000001,1353.0,EURCHF,ema_10_slope
899,sell,-0.004822740000000001,1354.0,EURCHF,ema_10_slope
900,sell,-0.004822740000000001,1355.0,EURCHF,ema_10_slope
901,sell,-0.004822740000000001,1356.0,EURCHF,ema_10_slope
902,sell,-0.004822740000000001,1357.0,EURCHF,ema_10_slope
903,sell,-0.004822740000000001,1358.0,EURCHF,ema_10_slope
904,sell,-0.004822740000000001,1359.0,EURCHF,ema_10_slope
905,buy,0.004572672,1365.0,EURCHF,ema_10_slope
906,buy,0.004572672,1366.0,EURCHF,ema_10_slope
907,buy,0.004572672,1367.0,EURCHF,ema_10_slope
908,buy,0.004572672,1368.0,EURCHF,ema_10_slope
909,buy,0.004572672,1369.0,EURCHF,ema_10_slope
910,buy,0.004572672,1370.0,EURCHF,ema_10_slope
911,buy,0.004572672,1371.0,EURCHF,ema_10_slope
912,buy,0.004572672,1372.0,EURCHF,ema_10_slope
913,buy,0.004572672,1373.0,EURCHF,ema_10_slope
914,buy,0.004572672,1374.0,EURCHF,ema_10_slope
915,sell,-0.004822740000000001,1377.0,EURCHF,ema_10_slope
916,sell,-0.004822740000000001,1378.0,EURCHF,ema_10_slope
917,sell,-0.004822740000000001,1379.0,EURCHF,ema_10_slope
918,sell,-0.004822740000000001,1380.0,EURCHF,ema_10_slope
919,sell,-0.004822740000000001,1381.0,EURCHF,ema_10_slope
920,sell,-0.004822740000000001,1382.0,EURCHF,ema_10_slope
921,sell,-0.004822740000000001,1383.0,EURCHF,ema_10_slope
922,sell,-0.004822740000000001,1384.0,EURCHF,ema_10_slope
923,sell,-0.004822740000000001,1385.0,EURCHF,ema_10_slope
924,sell,-0.004822740000000001,1386.0,EURCHF,ema_10_slope
925,sell,-0.004822740000000001,1387.0,EURCHF,ema_10_slope
926,buy,0.004572672,1390.0,EURCHF,ema_10_slope
927,buy,0.004572672,1391.0,EURCHF,ema_10_slope
928,buy,0.004572672,1392.0,EURCHF,ema_10_slope
929,sell,-0.004822740000000001,1395.0,EURCHF,ema_10_slope
930,sell,-0.004822740000000001,1396.0,EURCHF,ema_10_slope
931,sell,-0.004822740000000001,1397.0,EURCHF,ema_10_slope
932,sell,-0.004822740000000001,1398.0,EURCHF,ema_10_slope
933,sell,-0.004822740000000001,1399.0,EURCHF,ema_10_slope
934,buy,0.004572672,1404.0,EURCHF,ema_10_slope
935,buy,0.004572672,1405.0,EURCHF,ema_10_slope
936,buy,0.004572672,1406.0,EURCHF,ema_10_slope
937,buy,0.004572672,1407.0,EURCHF,ema_10_slope
938,buy,0.004572672,1408.0,EURCHF,ema_10_slope
939,buy,0.004572672,1409.0,EURCHF,ema_10_slope
940,sell,-0.004822740000000001,1412.0,EURCHF,ema_10_slope
941,sell,-0.004822740000000001,1413.0,EURCHF,ema_10_slope
942,sell,-0.004822740000000001,1417.0,EURCHF,ema_10_slope
943,sell,-0.004822740000000001,1418.0,EURCHF,ema_10_slope
944,sell,-0.004822740000000001,1419.0,EURCHF,ema_10_slope
945,sell,-0.004822740000000001,1420.0,EURCHF,ema_10_slope
946,sell,-0.004822740000000001,1421.0,EURCHF,ema_10_slope
947,sell,-0.004822740000000001,1422.0,EURCHF,ema_10_slope
948,sell,-0.004822740000000001,1423.0,EURCHF,ema_10_slope
949,sell,-0.004822740000000001,1424.0,EURCHF,ema_10_slope
950,sell,-0.004822740000000001,1425.0,EURCHF,ema_10_slope
951,sell,-0.004822740000000001,1426.0,EURCHF,ema_10_slope
952,sell,-0.004822740000000001,1427.0,EURCHF,ema_10_slope
953,sell,-0.004822740000000001,1428.0,EURCHF,ema_10_slope
954,sell,-0.004822740000000001,1429.0,EURCHF,ema_10_slope
955,sell,-0.004822740000000001,1430.0,EURCHF,ema_10_slope
956,sell,-0.004822740000000001,1431.0,EURCHF,ema_10_slope
957,sell,-0.004822740000000001,1432.0,EURCHF,ema_10_slope
958,buy,0.004572672,1435.0,EURCHF,ema_10_slope
959,buy,0.004572672,1436.0,EURCHF,ema_10_slope
960,buy,0.004572672,1437.0,EURCHF,ema_10_slope
961,buy,0.004572672,1438.0,EURCHF,ema_10_slope
962,buy,0.004572672,1439.0,EURCHF,ema_10_slope
963,buy,0.004572672,1440.0,EURCHF,ema_10_slope
964,buy,0.004572672,1441.0,EURCHF,ema_10_slope
965,buy,0.004572672,1442.0,EURCHF,ema_10_slope
966,buy,0.004572672,1443.0,EURCHF,ema_10_slope
967,buy,0.004572672,1444.0,EURCHF,ema_10_slope
968,buy,0.004572672,1445.0,EURCHF,ema_10_slope
969,buy,0.004572672,1446.0,EURCHF,ema_10_slope
970,buy,0.004572672,1447.0,EURCHF,ema_10_slope
971,buy,0.004572672,1448.0,EURCHF,ema_10_slope
972,buy,0.004572672,1449.0,EURCHF,ema_10_slope
973,buy,0.004572672,1450.0,EURCHF,ema_10_slope
974,buy,0.004572672,1451.0,EURCHF,ema_10_slope
975,buy,0.004572672,1452.0,EURCHF,ema_10_slope
976,buy,0.004572672,1453.0,EURCHF,ema_10_slope
977,buy,0.004572672,1454.0,EURCHF,ema_10_slope
978,buy,0.004572672,1455.0,EURCHF,ema_10_slope
979,buy,0.004572672,1456.0,EURCHF,ema_10_slope
980,buy,0.004572672,1457.0,EURCHF,ema_10_slope
981,buy,0.004572672,1461.0,EURCHF,ema_10_slope
982,buy,0.004572672,1462.0,EURCHF,ema_10_slope
983,buy,0.004572672,1463.0,EURCHF,ema_10_slope
984,buy,0.004572672,1464.0,EURCHF,ema_10_slope
985,buy,0.004572672,1468.0,EURCHF,ema_10_slope
986,buy,0.004572672,1469.0,EURCHF,ema_10_slope
987,buy,0.004572672,1470.0,EURCHF,ema_10_slope
988,buy,0.004572672,1471.0,EURCHF,ema_10_slope
989,buy,0.004572672,1472.0,EURCHF,ema_10_slope
990,buy,0.004572672,1473.0,EURCHF,ema_10_slope
991,sell,-0.004822740000000001,1476.0,EURCHF,ema_10_slope
992,sell,-0.004822740000000001,1477.0,EURCHF,ema_10_slope
993,sell,-0.004822740000000001,1478.0,EURCHF,ema_10_slope
994,sell,-0.004822740000000001,1479.0,EURCHF,ema_10_slope
995,buy,0.004572672,1487.0,EURCHF,ema_10_slope
996,buy,0.004572672,1488.0,EURCHF,ema_10_slope
997,buy,0.004572672,1489.0,EURCHF,ema_10_slope
998,buy,0.004572672,1490.0,EURCHF,ema_10_slope
999,buy,0.004572672,1491.0,EURCHF,ema_10_slope
1000,buy,0.004572672,1492.0,EURCHF,ema_10_slope
1001,buy,-0.004822740000000001,1493.0,EURCHF,ema_10_slope
1002,buy,0.004572672,1494.0,EURCHF,ema_10_slope
1003,sell,-0.004822740000000001,1497.0,EURCHF,ema_10_slope
1004,sell,-0.004822740000000001,1498.0,EURCHF,ema_10_slope
1005,buy,0.004572672,1501.0,EURCHF,ema_10_slope
1006,sell,-0.004822740000000001,1512.0,EURCHF,ema_10_slope
1007,sell,-0.004822740000000001,1513.0,EURCHF,ema_10_slope
1008,sell,-0.004822740000000001,1514.0,EURCHF,ema_10_slope
1009,sell,-0.004822740000000001,1515.0,EURCHF,ema_10_slope
1010,sell,-0.004822740000000001,1520.0,EURCHF,ema_10_slope
1011,sell,-0.004822740000000001,1521.0,EURCHF,ema_10_slope
1012,buy,0.004572672,1524.0,EURCHF,ema_10_slope
1013,buy,0.004572672,1525.0,EURCHF,ema_10_slope
1014,buy,0.004572672,1526.0,EURCHF,ema_10_slope
1015,buy,0.004572672,1527.0,EURCHF,ema_10_slope
1016,buy,0.004572672,1528.0,EURCHF,ema_10_slope
1017,buy,0.004572672,1529.0,EURCHF,ema_10_slope
1018,buy,0.004572672,1530.0,EURCHF,ema_10_slope
1019,buy,0.004572672,1537.0,EURCHF,ema_10_slope
1020,buy,0.004572672,1538.0,EURCHF,ema_10_slope
1021,buy,0.004572672,1539.0,EURCHF,ema_10_slope
1022,buy,0.004572672,1540.0,EURCHF,ema_10_slope
1023,buy,0.004572672,1541.0,EURCHF,ema_10_slope
1024,buy,0.004572672,1542.0,EURCHF,ema_10_slope
1025,buy,0.004572672,1543.0,EURCHF,ema_10_slope
1026,buy,0.004572672,1544.0,EURCHF,ema_10_slope
1027,buy,0.004572672,1545.0,EURCHF,ema_10_slope
1028,buy,0.004572672,1546.0,EURCHF,ema_10_slope
1029,buy,0.004572672,1551.0,EURCHF,ema_10_slope
1030,buy,0.004572672,1552.0,EURCHF,ema_10_slope
1031,buy,0.004572672,1553.0,EURCHF,ema_10_slope
1032,buy,0.004572672,1554.0,EURCHF,ema_10_slope
1033,buy,0.004572672,1555.0,EURCHF,ema_10_slope
1034,sell,-0.004822740000000001,1558.0,EURCHF,ema_10_slope
1035,sell,-0.004822740000000001,1559.0,EURCHF,ema_10_slope
1036,sell,-0.004822740000000001,1560.0,EURCHF,ema_10_slope
1037,sell,-0.004822740000000001,1561.0,EURCHF,ema_10_slope
1038,sell,-0.004822740000000001,1562.0,EURCHF,ema_10_slope
1039,sell,-0.004822740000000001,1563.0,EURCHF,ema_10_slope
1040,sell,-0.004822740000000001,1564.0,EURCHF,ema_10_slope
1041,sell,-0.004822740000000001,1565.0,EURCHF,ema_10_slope
1042,sell,-0.004822740000000001,1566.0,EURCHF,ema_10_slope
1043,buy,0.004572672,1569.0,EURCHF,ema_10_slope
1044,buy,0.004572672,1570.0,EURCHF,ema_10_slope
1045,buy,0.004572672,1571.0,EURCHF,ema_10_slope
1046,buy,0.004572672,1572.0,EURCHF,ema_10_slope
1047,buy,0.004572672,1573.0,EURCHF,ema_10_slope
1048,buy,0.004572672,1574.0,EURCHF,ema_10_slope
1049,buy,0.004572672,1575.0,EURCHF,ema_10_slope
1050,buy,0.004572672,1576.0,EURCHF,ema_10_slope
1051,buy,0.004572672,1580.0,EURCHF,ema_10_slope
1052,buy,0.004572672,1581.0,EURCHF,ema_10_slope
1053,buy,0.004572672,1582.0,EURCHF,ema_10_slope
1054,buy,0.004572672,1583.0,EURCHF,ema_10_slope
1055,buy,0.004572672,1584.0,EURCHF,ema_10_slope
1056,buy,0.004572672,1585.0,EURCHF,ema_10_slope
1057,buy,0.004572672,1586.0,EURCHF,ema_10_slope
1058,buy,0.004572672,1587.0,EURCHF,ema_10_slope
1059,buy,0.004572672,1588.0,EURCHF,ema_10_slope
1060,buy,0.004572672,1589.0,EURCHF,ema_10_slope
1061,buy,0.004572672,1590.0,EURCHF,ema_10_slope
1062,buy,0.004572672,1591.0,EURCHF,ema_10_slope
1063,buy,0.004572672,1592.0,EURCHF,ema_10_slope
1064,buy,0.004572672,1593.0,EURCHF,ema_10_slope
1065,buy,0.004572672,1594.0,EURCHF,ema_10_slope
1066,buy,0.004572672,1595.0,EURCHF,ema_10_slope
1067,buy,0.004572672,1596.0,EURCHF,ema_10_slope
1068,buy,0.004572672,1597.0,EURCHF,ema_10_slope
1069,buy,0.004572672,1598.0,EURCHF,ema_10_slope
1070,buy,0.004572672,1599.0,EURCHF,ema_10_slope
1071,buy,0.004572672,1600.0,EURCHF,ema_10_slope
1072,buy,0.004572672,1601.0,EURCHF,ema_10_slope
1073,buy,-0.004822740000000001,1607.0,EURCHF,ema_10_slope
1074,buy,-0.004822740000000001,1608.0,EURCHF,ema_10_slope
1075,buy,-0.004822740000000001,1609.0,EURCHF,ema_10_slope
1076,buy,-0.004822740000000001,1610.0,EURCHF,ema_10_slope
1077,buy,-0.004822740000000001,1611.0,EURCHF,ema_10_slope
1078,buy,-0.004822740000000001,1612.0,EURCHF,ema_10_slope
1079,buy,-0.004822740000000001,1613.0,EURCHF,ema_10_slope
1080,buy,-0.004822740000000001,1614.0,EURCHF,ema_10_slope
1081,buy,-0.004822740000000001,1615.0,EURCHF,ema_10_slope
1082,buy,-0.004822740000000001,1616.0,EURCHF,ema_10_slope
1083,buy,-0.004822740000000001,1617.0,EURCHF,ema_10_slope
1084,buy,-0.004822740000000001,1618.0,EURCHF,ema_10_slope
1085,buy,-0.004822740000000001,1619.0,EURCHF,ema_10_slope
1086,buy,-0.004822740000000001,1620.0,EURCHF,ema_10_slope
1087,buy,-0.004822740000000001,1621.0,EURCHF,ema_10_slope
1088,buy,-0.004822740000000001,1622.0,EURCHF,ema_10_slope
1089,buy,-0.004822740000000001,1623.0,EURCHF,ema_10_slope
1090,buy,-0.004822740000000001,1624.0,EURCHF,ema_10_slope
1091,buy,-0.004822740000000001,1625.0,EURCHF,ema_10_slope
1092,buy,-0.004822740000000001,1630.0,EURCHF,ema_10_slope
1093,buy,-0.004822740000000001,1631.0,EURCHF,ema_10_slope
1094,buy,-0.004822740000000001,1632.0,EURCHF,ema_10_slope
1095,buy,-0.004822740000000001,1633.0,EURCHF,ema_10_slope
1096,buy,-0.004822740000000001,1634.0,EURCHF,ema_10_slope
1097,buy,-0.004822740000000001,1635.0,EURCHF,ema_10_slope
1098,buy,-0.004822740000000001,1636.0,EURCHF,ema_10_slope
1099,buy,-0.004822740000000001,1637.0,EURCHF,ema_10_slope
1100,buy,-0.004822740000000001,1638.0,EURCHF,ema_10_slope
1101,buy,-0.004822740000000001,1645.0,EURCHF,ema_10_slope
1102,buy,-0.004822740000000001,1646.0,EURCHF,ema_10_slope
1103,buy,-0.004822740000000001,1647.0,EURCHF,ema_10_slope
1104,buy,-0.004822740000000001,1648.0,EURCHF,ema_10_slope
1105,buy,-0.004822740000000001,1649.0,EURCHF,ema_10_slope
1106,buy,-0.004822740000000001,1650.0,EURCHF,ema_10_slope
1107,sell,0.004572672,1653.0,EURCHF,ema_10_slope
1108,sell,0.004572672,1654.0,EURCHF,ema_10_slope
1109,sell,0.004572672,1655.0,EURCHF,ema_10_slope
1110,sell,0.004572672,1656.0,EURCHF,ema_10_slope
1111,buy,-0.004822740000000001,1659.0,EURCHF,ema_10_slope
1112,buy,-0.004822740000000001,1660.0,EURCHF,ema_10_slope
1113,buy,-0.004822740000000001,1661.0,EURCHF,ema_10_slope
1114,sell,0.004572672,1664.0,EURCHF,ema_10_slope
1115,sell,0.004572672,1665.0,EURCHF,ema_10_slope
1116,sell,0.004572672,1666.0,EURCHF,ema_10_slope
1117,sell,0.004572672,1667.0,EURCHF,ema_10_slope
1118,sell,0.004572672,1668.0,EURCHF,ema_10_slope
1119,sell,0.004572672,1669.0,EURCHF,ema_10_slope
1120,sell,0.004572672,1670.0,EURCHF,ema_10_slope
1121,sell,0.004572672,1671.0,EURCHF,ema_10_slope
1122,sell,0.004572672,1672.0,EURCHF,ema_10_slope
1123,sell,0.004572672,1673.0,EURCHF,ema_10_slope
1124,buy,-0.004822740000000001,1676.0,EURCHF,ema_10_slope
1125,sell,0.004572672,1679.0,EURCHF,ema_10_slope
1126,sell,0.004572672,1680.0,EURCHF,ema_10_slope
1127,sell,0.004572672,1684.0,EURCHF,ema_10_slope
1128,buy,-0.004822740000000001,1687.0,EURCHF,ema_10_slope
1129,buy,-0.004822740000000001,1688.0,EURCHF,ema_10_slope
1130,sell,0.004572672,1691.0,EURCHF,ema_10_slope
1131,sell,0.004572672,1692.0,EURCHF,ema_10_slope
1132,buy,-0.004822740000000001,1695.0,EURCHF,ema_10_slope
1133,sell,0.004572672,1698.0,EURCHF,ema_10_slope
1134,sell,0.004572672,1699.0,EURCHF,ema_10_slope
1135,sell,0.004572672,1700.0,EURCHF,ema_10_slope
1136,sell,0.004572672,1701.0,EURCHF,ema_10_slope
1137,sell,0.004572672,1702.0,EURCHF,ema_10_slope
1138,sell,0.004572672,1703.0,EURCHF,ema_10_slope
1139,sell,0.004572672,1704.0,EURCHF,ema_10_slope
1140,sell,0.004572672,1705.0,EURCHF,ema_10_slope
1141,sell,0.004572672,1706.0,EURCHF,ema_10_slope
1142,sell,0.004572672,1707.0,EURCHF,ema_10_slope
1143,sell,0.004572672,1708.0,EURCHF,ema_10_slope
1144,sell,0.004572672,1709.0,EURCHF,ema_10_slope
1145,sell,0.004572672,1710.0,EURCHF,ema_10_slope
1146,sell,0.004572672,1711.0,EURCHF,ema_10_slope
1147,sell,0.004572672,1712.0,EURCHF,ema_10_slope
1148,sell,0.004572672,1713.0,EURCHF,ema_10_slope
1149,sell,0.004572672,1714.0,EURCHF,ema_10_slope
1150,sell,0.004572672,1715.0,EURCHF,ema_10_slope
1151,buy,-0.004822740000000001,1718.0,EURCHF,ema_10_slope
1152,buy,-0.004822740000000001,1719.0,EURCHF,ema_10_slope
1153,buy,-0.004822740000000001,1720.0,EURCHF,ema_10_slope
1154,buy,-0.004822740000000001,1721.0,EURCHF,ema_10_slope
1155,buy,-0.004822740000000001,1725.0,EURCHF,ema_10_slope
1156,buy,-0.004822740000000001,1726.0,EURCHF,ema_10_slope
1157,buy,-0.004822740000000001,1727.0,EURCHF,ema_10_slope
1158,sell,0.004572672,1730.0,EURCHF,ema_10_slope
1159,sell,0.004572672,1731.0,EURCHF,ema_10_slope
1160,sell,0.004572672,1732.0,EURCHF,ema_10_slope
1161,sell,0.004572672,1733.0,EURCHF,ema_10_slope
1162,sell,0.004572672,1734.0,EURCHF,ema_10_slope
1163,sell,0.004572672,1735.0,EURCHF,ema_10_slope
1164,buy,-0.004822740000000001,1738.0,EURCHF,ema_10_slope
1165,sell,0.004572672,1741.0,EURCHF,ema_10_slope
1166,sell,0.004572672,1742.0,EURCHF,ema_10_slope
1167,sell,0.004572672,1743.0,EURCHF,ema_10_slope
1168,sell,0.004572672,1744.0,EURCHF,ema_10_slope
1169,sell,0.004572672,1745.0,EURCHF,ema_10_slope
1170,sell,0.004572672,1746.0,EURCHF,ema_10_slope
1171,sell,0.004572672,1747.0,EURCHF,ema_10_slope
1172,sell,0.004572672,1748.0,EURCHF,ema_10_slope
1173,sell,0.004572672,1749.0,EURCHF,ema_10_slope
1174,sell,0.004572672,1750.0,EURCHF,ema_10_slope
1175,sell,0.004572672,1754.0,EURCHF,ema_10_slope
1176,sell,0.004572672,1755.0,EURCHF,ema_10_slope
1177,sell,0.004572672,1756.0,EURCHF,ema_10_slope
1178,sell,0.004572672,1760.0,EURCHF,ema_10_slope
1179,sell,0.004572672,1761.0,EURCHF,ema_10_slope
1180,sell,0.004572672,1762.0,EURCHF,ema_10_slope
1181,sell,0.004572672,1763.0,EURCHF,ema_10_slope
1182,sell,0.004572672,1764.0,EURCHF,ema_10_slope
1183,sell,0.004572672,1765.0,EURCHF,ema_10_slope
1184,sell,0.004572672,1766.0,EURCHF,ema_10_slope
1185,sell,0.004572672,1767.0,EURCHF,ema_10_slope
1186,sell,0.004572672,1768.0,EURCHF,ema_10_slope
1187,sell,-0.004822740000000001,1769.0,EURCHF,ema_10_slope
1188,sell,-0.004822740000000001,1770.0,EURCHF,ema_10_slope
1189,sell,-0.004822740000000001,1771.0,EURCHF,ema_10_slope
1190,sell,-0.004822740000000001,1772.0,EURCHF,ema_10_slope
1191,sell,-0.004822740000000001,1773.0,EURCHF,ema_10_slope
1192,sell,-0.004822740000000001,1774.0,EURCHF,ema_10_slope
1193,sell,-0.004822740000000001,1775.0,EURCHF,ema_10_slope
1194,sell,-0.004822740000000001,1776.0,EURCHF,ema_10_slope
1195,sell,-0.004822740000000001,1777.0,EURCHF,ema_10_slope
1196,sell,-0.004822740000000001,1778.0,EURCHF,ema_10_slope
1197,sell,-0.004822740000000001,1779.0,EURCHF,ema_10_slope
1198,sell,-0.004822740000000001,1783.0,EURCHF,ema_10_slope
1199,sell,-0.004822740000000001,1784.0,EURCHF,ema_10_slope
1200,sell,-0.004822740000000001,1785.0,EURCHF,ema_10_slope
1201,sell,-0.004822740000000001,1789.0,EURCHF,ema_10_slope
1202,sell,-0.004822740000000001,1790.0,EURCHF,ema_10_slope
1203,sell,-0.004822740000000001,1791.0,EURCHF,ema_10_slope
1204,sell,-0.004822740000000001,1792.0,EURCHF,ema_10_slope
1205,sell,-0.004822740000000001,1793.0,EURCHF,ema_10_slope
1206,buy,0.004572672,1796.0,EURCHF,ema_10_slope
1207,buy,-0.004822740000000001,1797.0,EURCHF,ema_10_slope
1208,buy,-0.004822740000000001,1798.0,EURCHF,ema_10_slope
1209,buy,-0.004822740000000001,1802.0,EURCHF,ema_10_slope
1210,buy,0.004572672,1803.0,EURCHF,ema_10_slope
1211,sell,-0.004822740000000001,1806.0,EURCHF,ema_10_slope
1212,sell,-0.004822740000000001,1807.0,EURCHF,ema_10_slope
1213,sell,-0.004822740000000001,1811.0,EURCHF,ema_10_slope
1214,sell,-0.004822740000000001,1812.0,EURCHF,ema_10_slope
1215,sell,-0.004822740000000001,1813.0,EURCHF,ema_10_slope
1216,sell,-0.004822740000000001,1814.0,EURCHF,ema_10_slope
1217,sell,-0.004822740000000001,1815.0,EURCHF,ema_10_slope
1218,sell,-0.004822740000000001,1816.0,EURCHF,ema_10_slope
1219,buy,-0.004822740000000001,1822.0,EURCHF,ema_10_slope
1220,buy,-0.004822740000000001,1823.0,EURCHF,ema_10_slope
1221,sell,-0.004822740000000001,1826.0,EURCHF,ema_10_slope
1222,sell,-0.004822740000000001,1827.0,EURCHF,ema_10_slope
1223,sell,-0.004822740000000001,1828.0,EURCHF,ema_10_slope
1224,sell,-0.004822740000000001,1829.0,EURCHF,ema_10_slope
1225,sell,-0.004822740000000001,1830.0,EURCHF,ema_10_slope
1226,sell,-0.004822740000000001,1831.0,EURCHF,ema_10_slope
1227,sell,-0.004822740000000001,1832.0,EURCHF,ema_10_slope
1228,sell,-0.004822740000000001,1833.0,EURCHF,ema_10_slope
1229,buy,0.004572672,1836.0,EURCHF,ema_10_slope
1230,buy,0.004572672,1837.0,EURCHF,ema_10_slope
1231,buy,0.004572672,1838.0,EURCHF,ema_10_slope
1232,buy,0.004572672,1839.0,EURCHF,ema_10_slope
1233,sell,-0.004822740000000001,1842.0,EURCHF,ema_10_slope
1234,sell,-0.004822740000000001,1843.0,EURCHF,ema_10_slope
1235,buy,0.004572672,1848.0,EURCHF,ema_10_slope
1236,buy,0.004572672,1849.0,EURCHF,ema_10_slope
1237,sell,-0.004822740000000001,1855.0,EURCHF,ema_10_slope
1238,sell,-0.004822740000000001,1856.0,EURCHF,ema_10_slope
1239,sell,-0.004822740000000001,1860.0,EURCHF,ema_10_slope
1240,sell,-0.004822740000000001,1861.0,EURCHF,ema_10_slope
1241,sell,-0.004822740000000001,1862.0,EURCHF,ema_10_slope
1242,buy,0.004572672,1865.0,EURCHF,ema_10_slope
1243,sell,-0.004822740000000001,1870.0,EURCHF,ema_10_slope
1244,buy,0.004572672,1873.0,EURCHF,ema_10_slope
1245,buy,0.004572672,1874.0,EURCHF,ema_10_slope
1246,buy,0.004572672,1875.0,EURCHF,ema_10_slope
1247,buy,0.004572672,1876.0,EURCHF,ema_10_slope
1248,buy,0.004572672,1877.0,EURCHF,ema_10_slope
1249,buy,0.004572672,1878.0,EURCHF,ema_10_slope
1250,buy,0.004572672,1879.0,EURCHF,ema_10_slope
1251,buy,0.004572672,1880.0,EURCHF,ema_10_slope
1252,buy,0.004572672,1884.0,EURCHF,ema_10_slope
1253,buy,0.004572672,1885.0,EURCHF,ema_10_slope
1254,buy,0.004572672,1886.0,EURCHF,ema_10_slope
1255,buy,0.004572672,1887.0,EURCHF,ema_10_slope
1256,buy,0.004572672,1888.0,EURCHF,ema_10_slope
1257,buy,0.004572672,1889.0,EURCHF,ema_10_slope
1258,buy,0.004572672,1890.0,EURCHF,ema_10_slope
1259,buy,0.004572672,1891.0,EURCHF,ema_10_slope
1260,sell,-0.004822740000000001,1894.0,EURCHF,ema_10_slope
1261,buy,0.004572672,1903.0,EURCHF,ema_10_slope
1262,buy,0.004572672,1904.0,EURCHF,ema_10_slope
1263,buy,0.004572672,1905.0,EURCHF,ema_10_slope
1264,buy,0.004572672,1906.0,EURCHF,ema_10_slope
1265,buy,0.004572672,1907.0,EURCHF,ema_10_slope
1266,buy,0.004572672,1908.0,EURCHF,ema_10_slope
1267,sell,-0.004822740000000001,1911.0,EURCHF,ema_10_slope
1268,buy,0.004572672,1914.0,EURCHF,ema_10_slope
1269,buy,0.004572672,1915.0,EURCHF,ema_10_slope
1270,buy,0.004572672,1916.0,EURCHF,ema_10_slope
1271,buy,0.004572672,1917.0,EURCHF,ema_10_slope
1272,buy,0.004572672,1918.0,EURCHF,ema_10_slope
1273,buy,0.004572672,1919.0,EURCHF,ema_10_slope
1274,buy,0.004572672,1920.0,EURCHF,ema_10_slope
1275,sell,-0.004822740000000001,1923.0,EURCHF,ema_10_slope
1276,sell,-0.004822740000000001,1924.0,EURCHF,ema_10_slope
1277,sell,-0.004822740000000001,1925.0,EURCHF,ema_10_slope
1278,sell,-0.004822740000000001,1926.0,EURCHF,ema_10_slope
1279,sell,-0.004822740000000001,1927.0,EURCHF,ema_10_slope
1280,sell,-0.004822740000000001,1928.0,EURCHF,ema_10_slope
1281,sell,-0.004822740000000001,1929.0,EURCHF,ema_10_slope
1282,buy,0.004572672,1932.0,EURCHF,ema_10_slope
1283,buy,0.004572672,1933.0,EURCHF,ema_10_slope
1284,buy,0.004572672,1934.0,EURCHF,ema_10_slope
1285,buy,0.004572672,1935.0,EURCHF,ema_10_slope
1286,buy,0.004572672,1936.0,EURCHF,ema_10_slope
1287,buy,0.004572672,1937.0,EURCHF,ema_10_slope
1288,buy,0.004572672,1938.0,EURCHF,ema_10_slope
1289,buy,0.004572672,1939.0,EURCHF,ema_10_slope
1290,buy,0.004572672,1940.0,EURCHF,ema_10_slope
1291,buy,0.004572672,1941.0,EURCHF,ema_10_slope
1292,buy,0.004572672,1942.0,EURCHF,ema_10_slope
1293,buy,0.004572672,1943.0,EURCHF,ema_10_slope
1294,buy,0.004572672,1944.0,EURCHF,ema_10_slope
1295,buy,0.004572672,1948.0,EURCHF,ema_10_slope
1296,buy,0.004572672,1949.0,EURCHF,ema_10_slope
1297,buy,0.004572672,1950.0,EURCHF,ema_10_slope
1298,buy,0.004572672,1951.0,EURCHF,ema_10_slope
1299,buy,0.004572672,1952.0,EURCHF,ema_10_slope
1300,buy,0.004572672,1953.0,EURCHF,ema_10_slope
1301,buy,0.004572672,1954.0,EURCHF,ema_10_slope
1302,buy,0.004572672,1955.0,EURCHF,ema_10_slope
1303,buy,0.004572672,1959.0,EURCHF,ema_10_slope
1304,buy,0.004572672,1960.0,EURCHF,ema_10_slope
1305,buy,0.004572672,1961.0,EURCHF,ema_10_slope
1306,sell,-0.004822740000000001,1964.0,EURCHF,ema_10_slope
1307,sell,-0.004822740000000001,1965.0,EURCHF,ema_10_slope
1308,sell,-0.004822740000000001,1966.0,EURCHF,ema_10_slope
1309,buy,0.004572672,1973.0,EURCHF,ema_10_slope
1310,buy,0.004572672,1974.0,EURCHF,ema_10_slope
1311,buy,0.004572672,1975.0,EURCHF,ema_10_slope
1312,sell,-0.004822740000000001,1978.0,EURCHF,ema_10_slope
1313,sell,-0.004822740000000001,1979.0,EURCHF,ema_10_slope
1314,buy,0.004572672,1982.0,EURCHF,ema_10_slope
1315,buy,0.004572672,1983.0,EURCHF,ema_10_slope
1316,buy,0.004572672,1984.0,EURCHF,ema_10_slope
1317,buy,0.004572672,1985.0,EURCHF,ema_10_slope
1318,buy,0.004572672,1986.0,EURCHF,ema_10_slope
1319,buy,0.004572672,1987.0,EURCHF,ema_10_slope
1320,buy,0.004572672,1988.0,EURCHF,ema_10_slope
1321,buy,0.004572672,1989.0,EURCHF,ema_10_slope
1322,buy,0.004572672,1990.0,EURCHF,ema_10_slope
1323,buy,0.004572672,1991.0,EURCHF,ema_10_slope
1324,buy,0.004572672,1995.0,EURCHF,ema_10_slope
1325,buy,0.004572672,1996.0,EURCHF,ema_10_slope
1326,buy,0.004572672,1997.0,EURCHF,ema_10_slope
1327,buy,0.004572672,2003.0,EURCHF,ema_10_slope
1328,buy,0.004572672,2004.0,EURCHF,ema_10_slope
1329,buy,0.004572672,2005.0,EURCHF,ema_10_slope
1330,buy,0.004572672,2006.0,EURCHF,ema_10_slope
1331,sell,-0.004822740000000001,2009.0,EURCHF,ema_10_slope
1332,sell,-0.004822740000000001,2010.0,EURCHF,ema_10_slope
1333,sell,-0.004822740000000001,2011.0,EURCHF,ema_10_slope
1334,sell,-0.004822740000000001,2012.0,EURCHF,ema_10_slope
1335,sell,-0.004822740000000001,2013.0,EURCHF,ema_10_slope
1336,sell,-0.004822740000000001,2014.0,EURCHF,ema_10_slope
1337,buy,0.004572672,2017.0,EURCHF,ema_10_slope
1338,buy,0.004572672,2018.0,EURCHF,ema_10_slope
1339,buy,0.004572672,2019.0,EURCHF,ema_10_slope
1340,buy,0.004572672,2020.0,EURCHF,ema_10_slope
1341,sell,-0.004822740000000001,2023.0,EURCHF,ema_10_slope
1342,sell,-0.004822740000000001,2029.0,EURCHF,ema_10_slope
1343,buy,0.004572672,2034.0,EURCHF,ema_10_slope
1344,buy,0.004572672,2035.0,EURCHF,ema_10_slope
1345,buy,0.004572672,2036.0,EURCHF,ema_10_slope
1346,buy,0.004572672,2037.0,EURCHF,ema_10_slope
1347,buy,0.004572672,2038.0,EURCHF,ema_10_slope
1348,buy,0.004572672,2039.0,EURCHF,ema_10_slope
1349,buy,0.004572672,2040.0,EURCHF,ema_10_slope
1350,buy,0.004572672,2041.0,EURCHF,ema_10_slope
1351,buy,0.004572672,2042.0,EURCHF,ema_10_slope
1352,buy,0.004572672,2043.0,EURCHF,ema_10_slope
1353,buy,0.004572672,2044.0,EURCHF,ema_10_slope
1354,buy,0.004572672,2045.0,EURCHF,ema_10_slope
1355,buy,0.004572672,2046.0,EURCHF,ema_10_slope
1356,buy,0.004572672,2047.0,EURCHF,ema_10_slope
1357,buy,0.004572672,2048.0,EURCHF,ema_10_slope
1358,buy,0.004572672,2049.0,EURCHF,ema_10_slope
1359,buy,0.004572672,2050.0,EURCHF,ema_10_slope
1360,buy,0.004572672,2051.0,EURCHF,ema_10_slope
1361,sell,-0.004822740000000001,2054.0,EURCHF,ema_10_slope
1362,sell,-0.004822740000000001,2055.0,EURCHF,ema_10_slope
1363,sell,-0.004822740000000001,2056.0,EURCHF,ema_10_slope
1364,sell,-0.004822740000000001,2057.0,EURCHF,ema_10_slope
1365,buy,0.004572672,2066.0,EURCHF,ema_10_slope
1366,buy,0.004572672,2071.0,EURCHF,ema_10_slope
1367,buy,0.004572672,2072.0,EURCHF,ema_10_slope
1368,sell,-0.004822740000000001,2077.0,EURCHF,ema_10_slope
1369,sell,-0.004822740000000001,2078.0,EURCHF,ema_10_slope
1370,sell,-0.004822740000000001,2079.0,EURCHF,ema_10_slope
1371,sell,-0.004822740000000001,2080.0,EURCHF,ema_10_slope
1372,sell,-0.004822740000000001,2081.0,EURCHF,ema_10_slope
1373,sell,-0.004822740000000001,2082.0,EURCHF,ema_10_slope
1374,sell,-0.004822740000000001,2083.0,EURCHF,ema_10_slope
1375,sell,-0.004822740000000001,2084.0,EURCHF,ema_10_slope
1376,sell,-0.004822740000000001,2085.0,EURCHF,ema_10_slope
1377,sell,-0.004822740000000001,2086.0,EURCHF,ema_10_slope
1378,sell,-0.004822740000000001,2090.0,EURCHF,ema_10_slope
1379,sell,-0.004822740000000001,2091.0,EURCHF,ema_10_slope
1380,sell,-0.004822740000000001,2092.0,EURCHF,ema_10_slope
1381,sell,-0.004822740000000001,2093.0,EURCHF,ema_10_slope
1382,sell,-0.004822740000000001,2094.0,EURCHF,ema_10_slope
1383,buy,0.004572672,2097.0,EURCHF,ema_10_slope
1384,buy,0.004572672,2098.0,EURCHF,ema_10_slope
1385,buy,0.004572672,2099.0,EURCHF,ema_10_slope
1386,buy,0.004572672,2100.0,EURCHF,ema_10_slope
1387,buy,0.004572672,2101.0,EURCHF,ema_10_slope
1388,buy,0.004572672,2102.0,EURCHF,ema_10_slope
1389,buy,0.004572672,2103.0,EURCHF,ema_10_slope
1390,buy,0.004572672,2104.0,EURCHF,ema_10_slope
1391,buy,0.004572672,2105.0,EURCHF,ema_10_slope
1392,buy,0.004572672,2106.0,EURCHF,ema_10_slope
1393,buy,0.004572672,2107.0,EURCHF,ema_10_slope
1394,buy,0.004572672,2108.0,EURCHF,ema_10_slope
1395,buy,0.004572672,2109.0,EURCHF,ema_10_slope
1396,buy,0.004572672,2110.0,EURCHF,ema_10_slope
1397,buy,0.004572672,2114.0,EURCHF,ema_10_slope
1398,buy,0.004572672,2115.0,EURCHF,ema_10_slope
1399,buy,0.004572672,2116.0,EURCHF,ema_10_slope
1400,buy,0.004572672,2117.0,EURCHF,ema_10_slope
1401,buy,0.004572672,2118.0,EURCHF,ema_10_slope
1402,buy,0.004572672,2119.0,EURCHF,ema_10_slope
1403,buy,0.004572672,2120.0,EURCHF,ema_10_slope
1404,buy,0.004572672,2121.0,EURCHF,ema_10_slope
1405,buy,0.004572672,2125.0,EURCHF,ema_10_slope
1406,buy,0.004572672,2126.0,EURCHF,ema_10_slope
1407,buy,0.004572672,2127.0,EURCHF,ema_10_slope
1408,buy,0.004572672,2128.0,EURCHF,ema_10_slope
1409,buy,0.004572672,2129.0,EURCHF,ema_10_slope
1410,buy,0.004572672,2130.0,EURCHF,ema_10_slope
1411,sell,-0.004822740000000001,2133.0,EURCHF,ema_10_slope
1412,sell,-0.004822740000000001,2134.0,EURCHF,ema_10_slope
1413,sell,-0.004822740000000001,2135.0,EURCHF,ema_10_slope
1414,sell,-0.004822740000000001,2136.0,EURCHF,ema_10_slope
1415,buy,0.004572672,2146.0,EURCHF,ema_10_slope
1416,sell,-0.004822740000000001,2151.0,EURCHF,ema_10_slope
1417,sell,-0.004822740000000001,2179.0,EURCHF,ema_10_slope
1418,sell,-0.004822740000000001,2180.0,EURCHF,ema_10_slope
1419,sell,-0.004822740000000001,2181.0,EURCHF,ema_10_slope
1420,sell,-0.004822740000000001,2182.0,EURCHF,ema_10_slope
1421,sell,-0.004822740000000001,2200.0,EURCHF,ema_10_slope
1422,sell,-0.004822740000000001,2201.0,EURCHF,ema_10_slope
